PRECINCT,PRECINCT_STR,COLO_PREC,Precinct_Longitude,Precinct_Latitude,US_CONG,CO_SEN,CO_HSE,ARAP,COMM,HYPERLINK,Voter_Count_2022,Voter_Count_Current
101,101,6260303101,-105.02956703285,39.6494485870838,6,26,3,3,0,https://gis.arapahoegov.com/mapsandphotos/electionprecinctpdfs/Precinct_101.pdf,1503,1549
102,102,6260303102,-105.014334137337,39.6468168498723,6,26,3,3,0,https://gis.arapahoegov.com/mapsandphotos/electionprecinctpdfs/Precinct_102.pdf,1326,1272
103,103,6260303103,-105.027470381353,39.6386713197424,6,26,3,3,0,https://gis.arapahoegov.com/mapsandphotos/electionprecinctpdfs/Precinct_103.pdf,795,810
104,104,6260303104,-105.008425897943,39.6660806147912,6,26,3,3,0,https://gis.arapahoegov.com/mapsandphotos/electionprecinctpdfs/Precinct_104.pdf,813,823
105,105,6260303105,-104.99175103802,39.6612289826552,6,26,3,3,0,https://gis.arapahoegov.com/mapsandphotos/electionprecinctpdfs/Precinct_105.pdf,1751,1773
106,106,6260303106,-104.99696911747,39.6565486229779,6,26,3,3,0,https://gis.arapahoegov.com/mapsandphotos/electionprecinctpdfs/Precinct_106.pdf,623,520
107,107,6260303107,-104.985244808875,39.6622768073136,6,26,3,3,0,https://gis.arapahoegov.com/mapsandphotos/electionprecinctpdfs/Precinct_107.pdf,944,944
108,108,6260303108,-104.978183901428,39.6649876466288,6,26,3,3,0,https://gis.arapahoegov.com/mapsandphotos/electionprecinctpdfs/Precinct_108.pdf,713,706
109,109,6260303109,-104.970861752792,39.6610737205068,6,26,3,3,0,https://gis.arapahoegov.com/mapsandphotos/electionprecinctpdfs/Precinct_109.pdf,687,652
110,110,6260303110,-104.963242914017,39.6588829819085,6,26,3,3,0,https://gis.arapahoegov.com/mapsandphotos/electionprecinctpdfs/Precinct_110.pdf,530,517
111,111,6260303111,-104.979377769758,39.6549712045385,6,26,3,3,0,https://gis.arapahoegov.com/mapsandphotos/electionprecinctpdfs/Precinct_111.pdf,1362,1322
112,112,6260303112,-104.978206550875,39.6595483849573,6,26,3,3,0,https://gis.arapahoegov.com/mapsandphotos/electionprecinctpdfs/Precinct_112.pdf,935,919
113,113,6260303113,-104.959744149763,39.6549104107193,6,26,3,3,0,https://gis.arapahoegov.com/mapsandphotos/electionprecinctpdfs/Precinct_113.pdf,721,710
114,114,6260303114,-104.968082600655,39.6550803458945,6,26,3,3,0,https://gis.arapahoegov.com/mapsandphotos/electionprecinctpdfs/Precinct_114.pdf,973,886
115,115,6260303115,-104.994938453339,39.6493851233463,6,26,3,3,0,https://gis.arapahoegov.com/mapsandphotos/electionprecinctpdfs/Precinct_115.pdf,1181,1244
116,116,6260303116,-104.993929342735,39.6420228030622,6,26,3,3,0,https://gis.arapahoegov.com/mapsandphotos/electionprecinctpdfs/Precinct_116.pdf,1349,1275
117,117,6260303117,-104.980725545707,39.6515608919064,6,26,3,3,0,https://gis.arapahoegov.com/mapsandphotos/electionprecinctpdfs/Precinct_117.pdf,1413,1227
118,118,6260303118,-104.983019300436,39.6458344127962,6,26,3,3,0,https://gis.arapahoegov.com/mapsandphotos/electionprecinctpdfs/Precinct_118.pdf,907,901
119,119,6260303119,-104.983106055182,39.6394635094964,6,26,3,3,0,https://gis.arapahoegov.com/mapsandphotos/electionprecinctpdfs/Precinct_119.pdf,901,874
120,120,6260303120,-104.999035719977,39.6403439751998,6,26,3,3,0,https://gis.arapahoegov.com/mapsandphotos/electionprecinctpdfs/Precinct_120.pdf,793,817
121,121,6260303121,-105.000800939965,39.6362122230102,6,26,3,3,0,https://gis.arapahoegov.com/mapsandphotos/electionprecinctpdfs/Precinct_121.pdf,624,608
122,122,6260303122,-105.022903981462,39.6301105388657,6,26,3,3,0,https://gis.arapahoegov.com/mapsandphotos/electionprecinctpdfs/Precinct_122.pdf,838,1313
123,123,6260303123,-104.994345705945,39.6322119899617,6,26,3,3,0,https://gis.arapahoegov.com/mapsandphotos/electionprecinctpdfs/Precinct_123.pdf,1040,1038
124,124,6260303124,-104.999766055679,39.6270060493748,6,26,3,3,0,https://gis.arapahoegov.com/mapsandphotos/electionprecinctpdfs/Precinct_124.pdf,1195,1093
125,125,6260303125,-104.988014691572,39.620769683857,6,26,3,3,0,https://gis.arapahoegov.com/mapsandphotos/electionprecinctpdfs/Precinct_125.pdf,677,581
126,126,6163803126,-104.988524263517,39.6163039827518,6,16,38,3,0,https://gis.arapahoegov.com/mapsandphotos/electionprecinctpdfs/Precinct_126.pdf,879,965
127,127,6163803127,-104.954919792885,39.6056727796031,6,16,38,3,0,https://gis.arapahoegov.com/mapsandphotos/electionprecinctpdfs/Precinct_127.pdf,139,680
128,128,6260303128,-104.982591726063,39.6213521130907,6,26,3,3,1,https://gis.arapahoegov.com/mapsandphotos/electionprecinctpdfs/Precinct_128.pdf,403,425
129,129,6260303129,-104.983242801218,39.6267849862719,6,26,3,3,0,https://gis.arapahoegov.com/mapsandphotos/electionprecinctpdfs/Precinct_129.pdf,672,664
130,130,6260303130,-104.983189030628,39.6331331484156,6,26,3,3,0,https://gis.arapahoegov.com/mapsandphotos/electionprecinctpdfs/Precinct_130.pdf,1053,1003
131,131,6260303131,-104.969138612365,39.6313505606149,6,26,3,3,0,https://gis.arapahoegov.com/mapsandphotos/electionprecinctpdfs/Precinct_131.pdf,1051,1015
132,132,6260303132,-104.959223976253,39.6456909048568,6,26,3,3,0,https://gis.arapahoegov.com/mapsandphotos/electionprecinctpdfs/Precinct_132.pdf,1108,1111
133,133,6260303133,-104.941100879823,39.6313826345044,6,26,3,3,0,https://gis.arapahoegov.com/mapsandphotos/electionprecinctpdfs/Precinct_133.pdf,1022,1012
134,134,6260303134,-104.936335423362,39.6458468870868,6,26,3,3,0,https://gis.arapahoegov.com/mapsandphotos/electionprecinctpdfs/Precinct_134.pdf,584,578
135,135,6260303135,-104.918009423292,39.6313760108786,6,26,3,3,0,https://gis.arapahoegov.com/mapsandphotos/electionprecinctpdfs/Precinct_135.pdf,388,386
136,136,6260303136,-104.924676670591,39.6418331554324,6,26,3,3,0,https://gis.arapahoegov.com/mapsandphotos/electionprecinctpdfs/Precinct_136.pdf,898,931
137,137,1320903137,-104.917471363363,39.6623683527158,1,32,9,3,0,https://gis.arapahoegov.com/mapsandphotos/electionprecinctpdfs/Precinct_137.pdf,904,922
138,138,1320903138,-104.919925013039,39.6709634065625,1,32,9,3,0,https://gis.arapahoegov.com/mapsandphotos/electionprecinctpdfs/Precinct_138.pdf,443,421
139,139,1320903139,-104.926848061029,39.6718792031914,1,32,9,3,0,https://gis.arapahoegov.com/mapsandphotos/electionprecinctpdfs/Precinct_139.pdf,720,716
140,140,6163803140,-104.94638433304,39.6056590623311,6,16,38,3,1,https://gis.arapahoegov.com/mapsandphotos/electionprecinctpdfs/Precinct_140.pdf,487,746
141,141,6163803141,-105.048855006666,39.6235381869819,6,16,38,3,0,https://gis.arapahoegov.com/mapsandphotos/electionprecinctpdfs/Precinct_141.pdf,489,471
142,142,6163803142,-105.039259560603,39.6230863863359,6,16,38,3,0,https://gis.arapahoegov.com/mapsandphotos/electionprecinctpdfs/Precinct_142.pdf,951,942
143,143,6163803143,-105.031722725994,39.617427412125,6,16,38,3,0,https://gis.arapahoegov.com/mapsandphotos/electionprecinctpdfs/Precinct_143.pdf,828,1494
144,144,6163803144,-105.044172454511,39.6136631125837,6,16,38,3,0,https://gis.arapahoegov.com/mapsandphotos/electionprecinctpdfs/Precinct_144.pdf,827,835
145,145,6163803145,-104.949826823973,39.5987071030624,6,16,38,3,0,https://gis.arapahoegov.com/mapsandphotos/electionprecinctpdfs/Precinct_145.pdf,729,1176
146,146,6163803146,-105.048264452227,39.606308228409,6,16,38,3,0,https://gis.arapahoegov.com/mapsandphotos/electionprecinctpdfs/Precinct_146.pdf,849,825
147,147,6163803147,-105.048249361205,39.5957241574648,6,16,38,3,0,https://gis.arapahoegov.com/mapsandphotos/electionprecinctpdfs/Precinct_147.pdf,917,1493
148,148,6163703148,-104.936379464966,39.5842118124688,6,16,37,3,0,https://gis.arapahoegov.com/mapsandphotos/electionprecinctpdfs/Precinct_148.pdf,607,1043
149,149,6163803149,-105.03544595699,39.5992774308005,6,16,38,3,0,https://gis.arapahoegov.com/mapsandphotos/electionprecinctpdfs/Precinct_149.pdf,1297,1462
150,150,6163803150,-105.03151845212,39.5917224652708,6,16,38,3,0,https://gis.arapahoegov.com/mapsandphotos/electionprecinctpdfs/Precinct_150.pdf,1327,1247
151,151,6163803151,-105.019753036996,39.6239383940228,6,16,38,3,0,https://gis.arapahoegov.com/mapsandphotos/electionprecinctpdfs/Precinct_151.pdf,1048,932
152,152,6163803152,-105.02253220536,39.6174329407824,6,16,38,3,0,https://gis.arapahoegov.com/mapsandphotos/electionprecinctpdfs/Precinct_152.pdf,862,839
153,153,6163803153,-105.011790991009,39.6196819798275,6,16,38,3,0,https://gis.arapahoegov.com/mapsandphotos/electionprecinctpdfs/Precinct_153.pdf,1503,1476
154,154,6163803154,-105.015948494809,39.6071166924267,6,16,38,3,0,https://gis.arapahoegov.com/mapsandphotos/electionprecinctpdfs/Precinct_154.pdf,1210,1172
155,155,6163803155,-105.017824988086,39.5883411342178,6,16,38,3,0,https://gis.arapahoegov.com/mapsandphotos/electionprecinctpdfs/Precinct_155.pdf,1255,1215
156,156,6163803156,-105.011941876204,39.5913953180272,6,16,38,3,0,https://gis.arapahoegov.com/mapsandphotos/electionprecinctpdfs/Precinct_156.pdf,498,1162
157,157,6163703157,-104.933876535424,39.5727225470379,6,16,37,3,0,https://gis.arapahoegov.com/mapsandphotos/electionprecinctpdfs/Precinct_157.pdf,741,704
158,158,6163803158,-105.00917829969,39.6052352949507,6,16,38,3,0,https://gis.arapahoegov.com/mapsandphotos/electionprecinctpdfs/Precinct_158.pdf,915,926
159,159,6163803159,-105.004511789381,39.6078040465507,6,16,38,3,0,https://gis.arapahoegov.com/mapsandphotos/electionprecinctpdfs/Precinct_159.pdf,792,825
160,160,6163803160,-104.997785504531,39.6086202740104,6,16,38,3,0,https://gis.arapahoegov.com/mapsandphotos/electionprecinctpdfs/Precinct_160.pdf,917,902
161,161,6163803161,-105.002594110701,39.6165634608556,6,16,38,3,0,https://gis.arapahoegov.com/mapsandphotos/electionprecinctpdfs/Precinct_161.pdf,809,805
162,162,6163803162,-104.99733962826,39.6195606683329,6,16,38,3,0,https://gis.arapahoegov.com/mapsandphotos/electionprecinctpdfs/Precinct_162.pdf,898,883
163,163,6163803163,-104.99047534954,39.6072150555918,6,16,38,3,0,https://gis.arapahoegov.com/mapsandphotos/electionprecinctpdfs/Precinct_163.pdf,835,867
164,164,6163803164,-104.982695646021,39.6071558772228,6,16,38,3,0,https://gis.arapahoegov.com/mapsandphotos/electionprecinctpdfs/Precinct_164.pdf,822,848
165,165,6163803165,-105.00181053617,39.5978419593119,6,16,38,3,0,https://gis.arapahoegov.com/mapsandphotos/electionprecinctpdfs/Precinct_165.pdf,1050,1054
166,166,6163803166,-104.992188431138,39.5996896839973,6,16,38,3,0,https://gis.arapahoegov.com/mapsandphotos/electionprecinctpdfs/Precinct_166.pdf,458,460
167,167,6163803167,-104.992779632438,39.5936300543862,6,16,38,3,0,https://gis.arapahoegov.com/mapsandphotos/electionprecinctpdfs/Precinct_167.pdf,947,929
168,168,6163803168,-105.002711779362,39.5872236637321,6,16,38,3,0,https://gis.arapahoegov.com/mapsandphotos/electionprecinctpdfs/Precinct_168.pdf,962,973
169,169,6163803169,-104.993014179572,39.5855291171116,6,16,38,3,0,https://gis.arapahoegov.com/mapsandphotos/electionprecinctpdfs/Precinct_169.pdf,1061,1123
170,170,6163803170,-105.041517202096,39.5736134524941,6,16,38,3,0,https://gis.arapahoegov.com/mapsandphotos/electionprecinctpdfs/Precinct_170.pdf,1384,1206
171,171,6163803171,-105.015024068595,39.577447950722,6,16,38,3,0,https://gis.arapahoegov.com/mapsandphotos/electionprecinctpdfs/Precinct_171.pdf,1494,1509
172,172,6163803172,-104.995500304736,39.5787667401446,6,16,38,3,0,https://gis.arapahoegov.com/mapsandphotos/electionprecinctpdfs/Precinct_172.pdf,837,820
173,173,6163803173,-104.983423384256,39.5785773232205,6,16,38,3,0,https://gis.arapahoegov.com/mapsandphotos/electionprecinctpdfs/Precinct_173.pdf,1378,1420
174,174,6163803174,-104.99922739153,39.575636454553,6,16,38,3,0,https://gis.arapahoegov.com/mapsandphotos/electionprecinctpdfs/Precinct_174.pdf,723,703
175,175,6163803175,-104.991236400347,39.569806427996,6,16,38,3,0,https://gis.arapahoegov.com/mapsandphotos/electionprecinctpdfs/Precinct_175.pdf,1001,969
176,176,6163803176,-105.018616982154,39.5703900635071,6,16,38,3,0,https://gis.arapahoegov.com/mapsandphotos/electionprecinctpdfs/Precinct_176.pdf,1377,1354
177,177,6163803177,-104.980609208011,39.5853562482786,6,16,38,3,0,https://gis.arapahoegov.com/mapsandphotos/electionprecinctpdfs/Precinct_177.pdf,994,997
178,178,6163803178,-104.98321334354,39.592088342721,6,16,38,3,0,https://gis.arapahoegov.com/mapsandphotos/electionprecinctpdfs/Precinct_178.pdf,884,903
179,179,6163803179,-104.982898667486,39.5984754198147,6,16,38,3,0,https://gis.arapahoegov.com/mapsandphotos/electionprecinctpdfs/Precinct_179.pdf,718,704
180,180,6163803180,-104.968062236599,39.6033446343465,6,16,38,3,0,https://gis.arapahoegov.com/mapsandphotos/electionprecinctpdfs/Precinct_180.pdf,805,1460
181,181,6163703181,-104.926952787225,39.5760679606841,6,16,37,3,0,https://gis.arapahoegov.com/mapsandphotos/electionprecinctpdfs/Precinct_181.pdf,731,918
182,182,6163803182,-104.972016120774,39.5983949482799,6,16,38,3,0,https://gis.arapahoegov.com/mapsandphotos/electionprecinctpdfs/Precinct_182.pdf,980,958
183,183,6163803183,-104.969850262442,39.5915968695961,6,16,38,3,0,https://gis.arapahoegov.com/mapsandphotos/electionprecinctpdfs/Precinct_183.pdf,1370,1325
184,184,6163803184,-104.97030250161,39.5848841642893,6,16,38,3,0,https://gis.arapahoegov.com/mapsandphotos/electionprecinctpdfs/Precinct_184.pdf,731,716
185,185,6163803185,-104.963872959813,39.5846702362156,6,16,38,3,0,https://gis.arapahoegov.com/mapsandphotos/electionprecinctpdfs/Precinct_185.pdf,953,933
186,186,6163803186,-104.974884526851,39.5768261077693,6,16,38,3,0,https://gis.arapahoegov.com/mapsandphotos/electionprecinctpdfs/Precinct_186.pdf,960,951
187,187,6163803187,-104.965737809241,39.5773772593465,6,16,38,3,0,https://gis.arapahoegov.com/mapsandphotos/electionprecinctpdfs/Precinct_187.pdf,949,928
188,188,6163803188,-104.973729436298,39.5699657971478,6,16,38,3,0,https://gis.arapahoegov.com/mapsandphotos/electionprecinctpdfs/Precinct_188.pdf,656,652
189,189,6163803189,-104.96548930604,39.5701676229361,6,16,38,3,0,https://gis.arapahoegov.com/mapsandphotos/electionprecinctpdfs/Precinct_189.pdf,1137,1103
190,190,6163803190,-104.957307633123,39.5713736371873,6,16,38,3,0,https://gis.arapahoegov.com/mapsandphotos/electionprecinctpdfs/Precinct_190.pdf,1293,1271
191,191,6163803191,-104.949004454216,39.5695423409493,6,16,38,3,1,https://gis.arapahoegov.com/mapsandphotos/electionprecinctpdfs/Precinct_191.pdf,888,899
192,192,6163803192,-104.944915967567,39.5751780362685,6,16,38,3,0,https://gis.arapahoegov.com/mapsandphotos/electionprecinctpdfs/Precinct_192.pdf,1077,1097
193,193,6163803193,-104.953949857015,39.5774263505738,6,16,38,3,0,https://gis.arapahoegov.com/mapsandphotos/electionprecinctpdfs/Precinct_193.pdf,883,869
194,194,6163803194,-104.956379423412,39.5842889096876,6,16,38,3,0,https://gis.arapahoegov.com/mapsandphotos/electionprecinctpdfs/Precinct_194.pdf,1190,1219
195,195,6163803195,-104.947516396825,39.5849696100329,6,16,38,3,0,https://gis.arapahoegov.com/mapsandphotos/electionprecinctpdfs/Precinct_195.pdf,1036,1048
196,196,6163803196,-104.95101298468,39.590630578487,6,16,38,3,0,https://gis.arapahoegov.com/mapsandphotos/electionprecinctpdfs/Precinct_196.pdf,640,651
197,197,6163803197,-104.949714110606,39.5932109182776,6,16,38,3,0,https://gis.arapahoegov.com/mapsandphotos/electionprecinctpdfs/Precinct_197.pdf,743,714
198,198,6263703198,-104.979561633272,39.6206459475149,6,26,37,3,1,https://gis.arapahoegov.com/mapsandphotos/electionprecinctpdfs/Precinct_198.pdf,62,62
199,199,6163703199,-104.938993993955,39.5677144351134,6,16,37,3,1,https://gis.arapahoegov.com/mapsandphotos/electionprecinctpdfs/Precinct_199.pdf,222,214
201,201,6263703201,-104.974408685207,39.6204562001246,6,26,37,3,0,https://gis.arapahoegov.com/mapsandphotos/electionprecinctpdfs/Precinct_201.pdf,386,391
202,202,6263703202,-104.973633488546,39.6129226093528,6,26,37,3,0,https://gis.arapahoegov.com/mapsandphotos/electionprecinctpdfs/Precinct_202.pdf,373,366
203,203,6263703203,-104.964149894665,39.6163909513493,6,26,37,3,0,https://gis.arapahoegov.com/mapsandphotos/electionprecinctpdfs/Precinct_203.pdf,764,737
204,204,6263703204,-104.941635987848,39.6167549272739,6,26,37,3,0,https://gis.arapahoegov.com/mapsandphotos/electionprecinctpdfs/Precinct_204.pdf,1677,1656
205,205,6276103205,-104.761860003469,39.610473914631,6,27,61,3,0,https://gis.arapahoegov.com/mapsandphotos/electionprecinctpdfs/Precinct_205.pdf,710,1206
206,206,6273703206,-104.796909456524,39.5920477528548,6,27,37,3,0,https://gis.arapahoegov.com/mapsandphotos/electionprecinctpdfs/Precinct_206.pdf,763,46
207,207,6273703207,-104.784086786056,39.5875565216265,6,27,37,3,0,https://gis.arapahoegov.com/mapsandphotos/electionprecinctpdfs/Precinct_207.pdf,1176,616
208,208,6163703208,-104.937905622722,39.6045620031633,6,16,37,3,1,https://gis.arapahoegov.com/mapsandphotos/electionprecinctpdfs/Precinct_208.pdf,1193,1122
209,209,6163703209,-104.927535552965,39.6059442313428,6,16,37,3,0,https://gis.arapahoegov.com/mapsandphotos/electionprecinctpdfs/Precinct_209.pdf,991,1037
210,210,6163703210,-104.930563026439,39.5985688461526,6,16,37,3,0,https://gis.arapahoegov.com/mapsandphotos/electionprecinctpdfs/Precinct_210.pdf,1546,1612
211,211,6163703211,-104.936847143349,39.5915130349722,6,16,37,3,0,https://gis.arapahoegov.com/mapsandphotos/electionprecinctpdfs/Precinct_211.pdf,938,920
212,212,6163703212,-104.927767544339,39.5915594794935,6,16,37,3,0,https://gis.arapahoegov.com/mapsandphotos/electionprecinctpdfs/Precinct_212.pdf,1284,1249
213,213,6273703213,-104.768554230652,39.5823217918269,6,27,37,3,1,https://gis.arapahoegov.com/mapsandphotos/electionprecinctpdfs/Precinct_213.pdf,1052,1520
214,214,6163703214,-104.926908866558,39.5844171757536,6,16,37,3,0,https://gis.arapahoegov.com/mapsandphotos/electionprecinctpdfs/Precinct_214.pdf,876,863
215,215,6276103215,-104.748872224512,39.5710345227987,6,27,61,3,1,https://gis.arapahoegov.com/mapsandphotos/electionprecinctpdfs/Precinct_215.pdf,699,1342
216,216,6273703216,-104.743823595858,39.5851874127107,6,27,37,3,0,https://gis.arapahoegov.com/mapsandphotos/electionprecinctpdfs/Precinct_216.pdf,946,300
217,217,6163703217,-104.918294201864,39.5696492002258,6,16,37,3,0,https://gis.arapahoegov.com/mapsandphotos/electionprecinctpdfs/Precinct_217.pdf,857,854
218,218,6163703218,-104.908986382203,39.5700827585135,6,16,37,3,0,https://gis.arapahoegov.com/mapsandphotos/electionprecinctpdfs/Precinct_218.pdf,964,906
219,219,6163703219,-104.918346043178,39.5769125687143,6,16,37,3,0,https://gis.arapahoegov.com/mapsandphotos/electionprecinctpdfs/Precinct_219.pdf,1166,1156
220,220,6163703220,-104.908956165647,39.5772623144692,6,16,37,3,0,https://gis.arapahoegov.com/mapsandphotos/electionprecinctpdfs/Precinct_220.pdf,910,894
221,221,6163703221,-104.916525771161,39.584510491999,6,16,37,3,0,https://gis.arapahoegov.com/mapsandphotos/electionprecinctpdfs/Precinct_221.pdf,822,807
222,222,6163703222,-104.908013021759,39.5855684134886,6,16,37,3,0,https://gis.arapahoegov.com/mapsandphotos/electionprecinctpdfs/Precinct_222.pdf,909,945
223,223,6163703223,-104.917507577023,39.5921257914593,6,16,37,3,0,https://gis.arapahoegov.com/mapsandphotos/electionprecinctpdfs/Precinct_223.pdf,1060,1035
224,224,6163703224,-104.907511422114,39.591921581494,6,16,37,3,0,https://gis.arapahoegov.com/mapsandphotos/electionprecinctpdfs/Precinct_224.pdf,870,868
225,225,6163703225,-104.917005532972,39.5988030741252,6,16,37,3,0,https://gis.arapahoegov.com/mapsandphotos/electionprecinctpdfs/Precinct_225.pdf,973,977
226,226,6163703226,-104.907998526251,39.5984692667898,6,16,37,3,0,https://gis.arapahoegov.com/mapsandphotos/electionprecinctpdfs/Precinct_226.pdf,708,722
227,227,6163703227,-104.918269896093,39.6053753695569,6,16,37,3,0,https://gis.arapahoegov.com/mapsandphotos/electionprecinctpdfs/Precinct_227.pdf,680,700
228,228,6163703228,-104.909361106892,39.6060605172873,6,16,37,3,0,https://gis.arapahoegov.com/mapsandphotos/electionprecinctpdfs/Precinct_228.pdf,870,892
229,229,6263703229,-104.908158392277,39.6144339246449,6,26,37,3,0,https://gis.arapahoegov.com/mapsandphotos/electionprecinctpdfs/Precinct_229.pdf,1239,1214
230,230,6260303230,-104.903451785264,39.6251538953748,6,26,3,3,0,https://gis.arapahoegov.com/mapsandphotos/electionprecinctpdfs/Precinct_230.pdf,0,0
231,231,6263703231,-104.893244651086,39.6172365985011,6,26,37,3,0,https://gis.arapahoegov.com/mapsandphotos/electionprecinctpdfs/Precinct_231.pdf,1277,1071
232,232,6263703232,-104.88238586747,39.61736542776,6,26,37,3,0,https://gis.arapahoegov.com/mapsandphotos/electionprecinctpdfs/Precinct_232.pdf,1629,1546
233,233,6273703233,-104.900133725247,39.5990226040693,6,27,37,3,0,https://gis.arapahoegov.com/mapsandphotos/electionprecinctpdfs/Precinct_233.pdf,962,961
234,234,6263703234,-104.884975301795,39.6001068819142,6,26,37,3,0,https://gis.arapahoegov.com/mapsandphotos/electionprecinctpdfs/Precinct_234.pdf,1374,1385
235,235,6273703235,-104.899196505881,39.5916456086147,6,27,37,3,0,https://gis.arapahoegov.com/mapsandphotos/electionprecinctpdfs/Precinct_235.pdf,733,704
236,236,6273703236,-104.888899332089,39.5909248189402,6,27,37,3,0,https://gis.arapahoegov.com/mapsandphotos/electionprecinctpdfs/Precinct_236.pdf,689,662
237,237,6273703237,-104.897276732979,39.584749813423,6,27,37,3,0,https://gis.arapahoegov.com/mapsandphotos/electionprecinctpdfs/Precinct_237.pdf,1208,1198
238,238,6273703238,-104.885776293875,39.5834550239718,6,27,37,3,0,https://gis.arapahoegov.com/mapsandphotos/electionprecinctpdfs/Precinct_238.pdf,885,872
239,239,6273703239,-104.898811126455,39.5763456377098,6,27,37,3,0,https://gis.arapahoegov.com/mapsandphotos/electionprecinctpdfs/Precinct_239.pdf,863,878
240,240,6273703240,-104.883012846511,39.5741611662386,6,27,37,3,0,https://gis.arapahoegov.com/mapsandphotos/electionprecinctpdfs/Precinct_240.pdf,1681,1771
241,241,6273703241,-104.899049938855,39.5696867117905,6,27,37,3,0,https://gis.arapahoegov.com/mapsandphotos/electionprecinctpdfs/Precinct_241.pdf,1055,1052
242,242,6273703242,-104.889187401842,39.570367881822,6,27,37,3,0,https://gis.arapahoegov.com/mapsandphotos/electionprecinctpdfs/Precinct_242.pdf,759,733
243,243,6273703243,-104.834036324228,39.5792874752998,6,27,37,3,0,https://gis.arapahoegov.com/mapsandphotos/electionprecinctpdfs/Precinct_243.pdf,1472,1523
244,244,6273703244,-104.844519903678,39.599342941259,6,27,37,3,0,https://gis.arapahoegov.com/mapsandphotos/electionprecinctpdfs/Precinct_244.pdf,1395,1426
245,245,6263703245,-104.854401889838,39.6069353854151,6,26,37,3,0,https://gis.arapahoegov.com/mapsandphotos/electionprecinctpdfs/Precinct_245.pdf,494,518
246,246,6263703246,-104.861969668617,39.6029880892412,6,26,37,3,0,https://gis.arapahoegov.com/mapsandphotos/electionprecinctpdfs/Precinct_246.pdf,1137,1094
247,247,6263703247,-104.871137946995,39.6020303365543,6,26,37,3,0,https://gis.arapahoegov.com/mapsandphotos/electionprecinctpdfs/Precinct_247.pdf,1671,1564
248,248,6263703248,-104.878914428657,39.601796698709,6,26,37,3,0,https://gis.arapahoegov.com/mapsandphotos/electionprecinctpdfs/Precinct_248.pdf,660,649
249,249,6263703249,-104.871256710178,39.6131982119348,6,26,37,3,0,https://gis.arapahoegov.com/mapsandphotos/electionprecinctpdfs/Precinct_249.pdf,849,850
250,250,6263703250,-104.866289705365,39.6078163867751,6,26,37,3,0,https://gis.arapahoegov.com/mapsandphotos/electionprecinctpdfs/Precinct_250.pdf,1012,1025
251,251,6263703251,-104.858578678146,39.6124281670889,6,26,37,3,0,https://gis.arapahoegov.com/mapsandphotos/electionprecinctpdfs/Precinct_251.pdf,1555,1540
252,252,6263703252,-104.858628663272,39.6194752343003,6,26,37,3,1,https://gis.arapahoegov.com/mapsandphotos/electionprecinctpdfs/Precinct_252.pdf,1430,1452
253,253,6263703253,-104.869998942128,39.6205957877102,6,26,37,3,0,https://gis.arapahoegov.com/mapsandphotos/electionprecinctpdfs/Precinct_253.pdf,1651,1688
254,254,6263703254,-104.880018581464,39.6376263545093,6,26,37,3,0,https://gis.arapahoegov.com/mapsandphotos/electionprecinctpdfs/Precinct_254.pdf,444,422
255,255,6274003255,-104.84519195202,39.6317084425859,6,27,40,3,1,https://gis.arapahoegov.com/mapsandphotos/electionprecinctpdfs/Precinct_255.pdf,1072,195
256,256,6273703256,-104.807435635092,39.5911405591396,6,27,37,3,1,https://gis.arapahoegov.com/mapsandphotos/electionprecinctpdfs/Precinct_256.pdf,522,453
257,257,6276103257,-104.801545140683,39.6052356059484,6,27,61,3,1,https://gis.arapahoegov.com/mapsandphotos/electionprecinctpdfs/Precinct_257.pdf,1321,1326
258,258,6270303258,-104.877852498652,39.6492860192124,6,27,3,3,1,https://gis.arapahoegov.com/mapsandphotos/electionprecinctpdfs/Precinct_258.pdf,1072,748
259,259,6273703259,-104.80800866997,39.5849289473891,6,27,37,3,0,https://gis.arapahoegov.com/mapsandphotos/electionprecinctpdfs/Precinct_259.pdf,1827,1707
260,260,6273703260,-104.796837661911,39.573280920959,6,27,37,3,0,https://gis.arapahoegov.com/mapsandphotos/electionprecinctpdfs/Precinct_260.pdf,1959,2001
261,261,6276103261,-104.788005716466,39.6004532417795,6,27,61,3,0,https://gis.arapahoegov.com/mapsandphotos/electionprecinctpdfs/Precinct_261.pdf,1572,1666
262,262,6276103262,-104.795111363274,39.616409890813,6,27,61,3,0,https://gis.arapahoegov.com/mapsandphotos/electionprecinctpdfs/Precinct_262.pdf,1338,1323
263,263,6276103263,-104.803422761122,39.6157551693811,6,27,61,3,0,https://gis.arapahoegov.com/mapsandphotos/electionprecinctpdfs/Precinct_263.pdf,1074,1036
264,264,6276103264,-104.80153382243,39.6220361502711,6,27,61,3,0,https://gis.arapahoegov.com/mapsandphotos/electionprecinctpdfs/Precinct_264.pdf,1252,1255
265,265,6276103265,-104.742361078357,39.6028985377602,6,27,61,3,0,https://gis.arapahoegov.com/mapsandphotos/electionprecinctpdfs/Precinct_265.pdf,1082,721
266,266,6276103266,-104.698531797663,39.5712004049306,6,27,61,3,0,https://gis.arapahoegov.com/mapsandphotos/electionprecinctpdfs/Precinct_266.pdf,1151,1736
267,267,6276103267,-104.757866905494,39.5998233191475,6,27,61,3,1,https://gis.arapahoegov.com/mapsandphotos/electionprecinctpdfs/Precinct_267.pdf,1118,1725
268,268,6276103268,-104.712555264495,39.5730463136453,6,27,61,3,0,https://gis.arapahoegov.com/mapsandphotos/electionprecinctpdfs/Precinct_268.pdf,881,1391
269,269,6274003269,-104.824804340043,39.6355359905944,6,27,40,3,0,https://gis.arapahoegov.com/mapsandphotos/electionprecinctpdfs/Precinct_269.pdf,1095,1297
270,270,6274003270,-104.819837003288,39.6330809870334,6,27,40,3,0,https://gis.arapahoegov.com/mapsandphotos/electionprecinctpdfs/Precinct_270.pdf,981,1183
271,271,6274003271,-104.812643206398,39.6319216541726,6,27,40,3,1,https://gis.arapahoegov.com/mapsandphotos/electionprecinctpdfs/Precinct_271.pdf,798,1093
272,272,6274003272,-104.826116653922,39.627617828181,6,27,40,3,0,https://gis.arapahoegov.com/mapsandphotos/electionprecinctpdfs/Precinct_272.pdf,890,550
273,273,6274003273,-104.817628823749,39.6270584449851,6,27,40,3,0,https://gis.arapahoegov.com/mapsandphotos/electionprecinctpdfs/Precinct_273.pdf,906,1127
274,274,6274003274,-104.814421674133,39.6188026352052,6,27,40,3,0,https://gis.arapahoegov.com/mapsandphotos/electionprecinctpdfs/Precinct_274.pdf,1236,1004
275,275,6274003275,-104.804399689792,39.6291492267089,6,27,40,3,0,https://gis.arapahoegov.com/mapsandphotos/electionprecinctpdfs/Precinct_275.pdf,663,1205
276,276,6276103276,-104.781359084479,39.6197328254105,6,27,61,3,0,https://gis.arapahoegov.com/mapsandphotos/electionprecinctpdfs/Precinct_276.pdf,324,318
277,277,6276103277,-104.787417136206,39.6209154485636,6,27,61,3,0,https://gis.arapahoegov.com/mapsandphotos/electionprecinctpdfs/Precinct_277.pdf,886,911
278,278,6276103278,-104.787935965446,39.6158605003717,6,27,61,3,0,https://gis.arapahoegov.com/mapsandphotos/electionprecinctpdfs/Precinct_278.pdf,525,520
279,279,6276103279,-104.777528297003,39.6161183569565,6,27,61,3,0,https://gis.arapahoegov.com/mapsandphotos/electionprecinctpdfs/Precinct_279.pdf,951,934
280,280,6276103280,-104.76930122429,39.6135518130655,6,27,61,3,0,https://gis.arapahoegov.com/mapsandphotos/electionprecinctpdfs/Precinct_280.pdf,1215,1219
281,281,6276103281,-104.782399808979,39.6119172291791,6,27,61,3,0,https://gis.arapahoegov.com/mapsandphotos/electionprecinctpdfs/Precinct_281.pdf,1217,1216
282,282,6276103282,-104.782061489257,39.6068522696274,6,27,61,3,0,https://gis.arapahoegov.com/mapsandphotos/electionprecinctpdfs/Precinct_282.pdf,1563,1610
283,283,6276103283,-104.763735205765,39.60514118803,6,27,61,3,0,https://gis.arapahoegov.com/mapsandphotos/electionprecinctpdfs/Precinct_283.pdf,969,1024
284,284,6273703284,-104.811401519816,39.603929657056,6,27,37,3,0,https://gis.arapahoegov.com/mapsandphotos/electionprecinctpdfs/Precinct_284.pdf,785,923
285,285,6276103285,-104.776209442953,39.6000603478858,6,27,61,3,0,https://gis.arapahoegov.com/mapsandphotos/electionprecinctpdfs/Precinct_285.pdf,793,814
286,286,6273703286,-104.866837140944,39.5815318563576,6,27,37,3,0,https://gis.arapahoegov.com/mapsandphotos/electionprecinctpdfs/Precinct_286.pdf,1932,1766
287,287,6273703287,-104.816710868081,39.5995735686412,6,27,37,3,1,https://gis.arapahoegov.com/mapsandphotos/electionprecinctpdfs/Precinct_287.pdf,214,196
288,288,6276103288,-104.796554256916,39.6259129317429,6,27,61,3,0,https://gis.arapahoegov.com/mapsandphotos/electionprecinctpdfs/Precinct_288.pdf,0,0
289,289,6276103289,-104.793236105865,39.6256874275669,6,27,61,3,0,https://gis.arapahoegov.com/mapsandphotos/electionprecinctpdfs/Precinct_289.pdf,0,0
290,290,6274003290,-104.794974715349,39.6329256468699,6,27,40,3,0,https://gis.arapahoegov.com/mapsandphotos/electionprecinctpdfs/Precinct_290.pdf,0,915
291,291,6274003291,-104.804465492791,39.6364311541167,6,27,40,3,0,https://gis.arapahoegov.com/mapsandphotos/electionprecinctpdfs/Precinct_291.pdf,0,1078
301,301,6294003301,-104.769305689871,39.6443429278356,6,29,40,3,0,https://gis.arapahoegov.com/mapsandphotos/electionprecinctpdfs/Precinct_301.pdf,686,1125
302,302,6274003302,-104.773370718043,39.6347872822606,6,27,40,3,0,https://gis.arapahoegov.com/mapsandphotos/electionprecinctpdfs/Precinct_302.pdf,1809,904
303,303,6274003303,-104.787464944463,39.633909419877,6,27,40,3,0,https://gis.arapahoegov.com/mapsandphotos/electionprecinctpdfs/Precinct_303.pdf,936,1103
304,304,6274003304,-104.787288050965,39.6270011839825,6,27,40,3,0,https://gis.arapahoegov.com/mapsandphotos/electionprecinctpdfs/Precinct_304.pdf,933,980
305,305,6274003305,-104.779549224373,39.6269072358454,6,27,40,3,0,https://gis.arapahoegov.com/mapsandphotos/electionprecinctpdfs/Precinct_305.pdf,1341,814
306,306,6274003306,-104.767960177328,39.6288006355904,6,27,40,3,0,https://gis.arapahoegov.com/mapsandphotos/electionprecinctpdfs/Precinct_306.pdf,847,898
307,307,6274003307,-104.770851503004,39.6267793127145,6,27,40,3,0,https://gis.arapahoegov.com/mapsandphotos/electionprecinctpdfs/Precinct_307.pdf,763,893
308,308,6276103308,-104.767806407784,39.620404517338,6,27,61,3,0,https://gis.arapahoegov.com/mapsandphotos/electionprecinctpdfs/Precinct_308.pdf,1246,1193
309,309,6276103309,-104.777272455698,39.6222072726892,6,27,61,3,0,https://gis.arapahoegov.com/mapsandphotos/electionprecinctpdfs/Precinct_309.pdf,1333,657
310,310,6284003310,-104.76866387057,39.6737406866123,6,28,40,3,1,https://gis.arapahoegov.com/mapsandphotos/electionprecinctpdfs/Precinct_310.pdf,1022,1065
311,311,6283603311,-104.76006260716,39.6785775920947,6,28,36,3,1,https://gis.arapahoegov.com/mapsandphotos/electionprecinctpdfs/Precinct_311.pdf,1218,1248
312,312,6284003312,-104.764057397016,39.6682278218113,6,28,40,3,0,https://gis.arapahoegov.com/mapsandphotos/electionprecinctpdfs/Precinct_312.pdf,1775,1819
313,313,6284003313,-104.768745838496,39.6605693959784,6,28,40,3,0,https://gis.arapahoegov.com/mapsandphotos/electionprecinctpdfs/Precinct_313.pdf,1116,1151
314,314,6284003314,-104.764272073293,39.6576796663819,6,28,40,3,0,https://gis.arapahoegov.com/mapsandphotos/electionprecinctpdfs/Precinct_314.pdf,876,864
315,315,6284003315,-104.756890439116,39.6597095118241,6,28,40,3,0,https://gis.arapahoegov.com/mapsandphotos/electionprecinctpdfs/Precinct_315.pdf,1601,1611
316,316,6294003316,-104.761639162339,39.651058519087,6,29,40,3,0,https://gis.arapahoegov.com/mapsandphotos/electionprecinctpdfs/Precinct_316.pdf,816,831
317,317,6294003317,-104.76520619794,39.6473004317147,6,29,40,3,0,https://gis.arapahoegov.com/mapsandphotos/electionprecinctpdfs/Precinct_317.pdf,1069,1044
318,318,4284003318,-104.748366048121,39.6492522486827,4,28,40,3,1,https://gis.arapahoegov.com/mapsandphotos/electionprecinctpdfs/Precinct_318.pdf,957,1056
319,319,6294003319,-104.758237865936,39.6440432731111,6,29,40,3,0,https://gis.arapahoegov.com/mapsandphotos/electionprecinctpdfs/Precinct_319.pdf,1863,1869
320,320,6276103320,-104.758356866876,39.6308248659128,6,27,61,3,0,https://gis.arapahoegov.com/mapsandphotos/electionprecinctpdfs/Precinct_320.pdf,1791,1824
321,321,6276103321,-104.758539977915,39.6188296757666,6,27,61,3,0,https://gis.arapahoegov.com/mapsandphotos/electionprecinctpdfs/Precinct_321.pdf,1365,1319
322,322,6283603322,-104.769786738306,39.6800989804064,6,28,36,3,1,https://gis.arapahoegov.com/mapsandphotos/electionprecinctpdfs/Precinct_322.pdf,1175,599
327,327,6276103327,-104.729526497255,39.5816557505108,6,27,61,3,0,https://gis.arapahoegov.com/mapsandphotos/electionprecinctpdfs/Precinct_327.pdf,1245,1250
329,329,6276103329,-104.734594881294,39.5917379143969,6,27,61,3,0,https://gis.arapahoegov.com/mapsandphotos/electionprecinctpdfs/Precinct_329.pdf,1384,1345
330,330,6276103330,-104.726863568955,39.5985522609725,6,27,61,3,0,https://gis.arapahoegov.com/mapsandphotos/electionprecinctpdfs/Precinct_330.pdf,1887,1905
332,332,6276103332,-104.749669494176,39.6129759567691,6,27,61,3,0,https://gis.arapahoegov.com/mapsandphotos/electionprecinctpdfs/Precinct_332.pdf,1139,1068
333,333,6276103333,-104.740640792672,39.6095959435069,6,27,61,3,1,https://gis.arapahoegov.com/mapsandphotos/electionprecinctpdfs/Precinct_333.pdf,692,716
334,334,4276103334,-104.734391560342,39.6104353555125,4,27,61,3,1,https://gis.arapahoegov.com/mapsandphotos/electionprecinctpdfs/Precinct_334.pdf,1441,1464
335,335,4276103335,-104.724640406655,39.6090182384545,4,27,61,3,0,https://gis.arapahoegov.com/mapsandphotos/electionprecinctpdfs/Precinct_335.pdf,1697,1772
336,336,4276103336,-104.721769900128,39.6181639073057,4,27,61,3,0,https://gis.arapahoegov.com/mapsandphotos/electionprecinctpdfs/Precinct_336.pdf,1616,1572
337,337,4276103337,-104.731713570495,39.620468433549,4,27,61,3,0,https://gis.arapahoegov.com/mapsandphotos/electionprecinctpdfs/Precinct_337.pdf,1473,1498
338,338,6276103338,-104.743040528191,39.621342603975,6,27,61,3,0,https://gis.arapahoegov.com/mapsandphotos/electionprecinctpdfs/Precinct_338.pdf,991,1027
339,339,6276103339,-104.748422470341,39.6190128411741,6,27,61,3,0,https://gis.arapahoegov.com/mapsandphotos/electionprecinctpdfs/Precinct_339.pdf,1306,1291
340,340,4274003340,-104.73109456403,39.6319390780613,4,27,40,3,1,https://gis.arapahoegov.com/mapsandphotos/electionprecinctpdfs/Precinct_340.pdf,1780,2368
341,341,4284003341,-104.747198828285,39.6424969321867,4,28,40,3,0,https://gis.arapahoegov.com/mapsandphotos/electionprecinctpdfs/Precinct_341.pdf,1830,1825
342,342,6283603342,-104.730309863908,39.6457225703729,6,28,36,3,1,https://gis.arapahoegov.com/mapsandphotos/electionprecinctpdfs/Precinct_342.pdf,1931,1992
343,343,4284003343,-104.738696678478,39.6463249878577,4,28,40,3,0,https://gis.arapahoegov.com/mapsandphotos/electionprecinctpdfs/Precinct_343.pdf,1370,1427
344,344,6283603344,-104.728211364493,39.6699941720546,6,28,36,3,0,https://gis.arapahoegov.com/mapsandphotos/electionprecinctpdfs/Precinct_344.pdf,1681,2234
348,348,4215603348,-104.443025703382,39.7306768728951,4,21,56,3,1,https://gis.arapahoegov.com/mapsandphotos/electionprecinctpdfs/Precinct_348.pdf,0,0
349,349,6283603349,-104.66942097991,39.6457561447796,6,28,36,3,0,https://gis.arapahoegov.com/mapsandphotos/electionprecinctpdfs/Precinct_349.pdf,0,0
350,350,4276103350,-104.697241800584,39.6313883792712,4,27,61,3,1,https://gis.arapahoegov.com/mapsandphotos/electionprecinctpdfs/Precinct_350.pdf,12,0
351,351,6276103351,-104.708304563114,39.6248082124492,6,27,61,3,0,https://gis.arapahoegov.com/mapsandphotos/electionprecinctpdfs/Precinct_351.pdf,1958,2107
352,352,6276103352,-104.705049913448,39.6050673912949,6,27,61,3,1,https://gis.arapahoegov.com/mapsandphotos/electionprecinctpdfs/Precinct_352.pdf,1915,2315
353,353,6276103353,-104.700219499404,39.5914767477793,6,27,61,3,0,https://gis.arapahoegov.com/mapsandphotos/electionprecinctpdfs/Precinct_353.pdf,1122,1175
354,354,6276103354,-104.698327257282,39.5833426382119,6,27,61,3,0,https://gis.arapahoegov.com/mapsandphotos/electionprecinctpdfs/Precinct_354.pdf,1724,1781
355,355,6275603355,-104.673391080318,39.5884001139646,6,27,56,3,1,https://gis.arapahoegov.com/mapsandphotos/electionprecinctpdfs/Precinct_355.pdf,1989,2564
357,357,4275603357,-104.550390270098,39.6430165098359,4,27,56,3,1,https://gis.arapahoegov.com/mapsandphotos/electionprecinctpdfs/Precinct_357.pdf,733,741
358,358,4283603358,-104.664243960793,39.6535178624588,4,28,36,3,1,https://gis.arapahoegov.com/mapsandphotos/electionprecinctpdfs/Precinct_358.pdf,2,0
359,359,6283603359,-104.636097635072,39.7327056642568,6,28,36,3,1,https://gis.arapahoegov.com/mapsandphotos/electionprecinctpdfs/Precinct_359.pdf,0,2
360,360,6283603360,-104.647713658525,39.6904562310366,6,28,36,3,1,https://gis.arapahoegov.com/mapsandphotos/electionprecinctpdfs/Precinct_360.pdf,508,1540
361,361,4283603361,-104.647395425678,39.7245682917581,4,28,36,3,1,https://gis.arapahoegov.com/mapsandphotos/electionprecinctpdfs/Precinct_361.pdf,976,1729
362,362,4285603362,-104.576173589515,39.6964834619116,4,28,56,3,1,https://gis.arapahoegov.com/mapsandphotos/electionprecinctpdfs/Precinct_362.pdf,477,500
363,363,4215603363,-104.350743393097,39.6513737119788,4,21,56,3,1,https://gis.arapahoegov.com/mapsandphotos/electionprecinctpdfs/Precinct_363.pdf,1914,2034
364,364,4215603364,-104.210762399125,39.6627431776776,4,21,56,3,0,https://gis.arapahoegov.com/mapsandphotos/electionprecinctpdfs/Precinct_364.pdf,1509,1599
365,365,4215603365,-103.927304783685,39.6496515965671,4,21,56,3,0,https://gis.arapahoegov.com/mapsandphotos/electionprecinctpdfs/Precinct_365.pdf,1010,1034
366,366,4275603366,-104.462255062957,39.6276978696473,4,27,56,3,1,https://gis.arapahoegov.com/mapsandphotos/electionprecinctpdfs/Precinct_366.pdf,475,492
368,368,4276103368,-104.71904339485,39.6065934904839,4,27,61,3,0,https://gis.arapahoegov.com/mapsandphotos/electionprecinctpdfs/Precinct_368.pdf,748,667
369,369,4274003369,-104.744401563479,39.6338999784005,4,27,40,3,0,https://gis.arapahoegov.com/mapsandphotos/electionprecinctpdfs/Precinct_369.pdf,1690,2254
370,370,4274003370,-104.747658409012,39.6270729693685,4,27,40,3,0,https://gis.arapahoegov.com/mapsandphotos/electionprecinctpdfs/Precinct_370.pdf,1656,1717
371,371,6283603371,-104.751803467004,39.6630517868255,6,28,36,3,0,https://gis.arapahoegov.com/mapsandphotos/electionprecinctpdfs/Precinct_371.pdf,999,1029
372,372,6275603372,-104.673711871741,39.6172202127558,6,27,56,3,1,https://gis.arapahoegov.com/mapsandphotos/electionprecinctpdfs/Precinct_372.pdf,773,952
373,373,6275603373,-104.681584325571,39.6044775236275,6,27,56,3,1,https://gis.arapahoegov.com/mapsandphotos/electionprecinctpdfs/Precinct_373.pdf,1204,1274
375,375,6276103375,-104.715271659983,39.582623510302,6,27,61,3,0,https://gis.arapahoegov.com/mapsandphotos/electionprecinctpdfs/Precinct_375.pdf,1485,1559
377,377,6276103377,-104.683383250212,39.5742079305454,6,27,61,3,1,https://gis.arapahoegov.com/mapsandphotos/electionprecinctpdfs/Precinct_377.pdf,1104,1193
378,378,6276103378,-104.689992287679,39.5996900926206,6,27,61,3,1,https://gis.arapahoegov.com/mapsandphotos/electionprecinctpdfs/Precinct_378.pdf,1849,1957
379,379,6276103379,-104.735938578144,39.5884688113159,6,27,61,3,0,https://gis.arapahoegov.com/mapsandphotos/electionprecinctpdfs/Precinct_379.pdf,1016,1061
380,380,6276103380,-104.712687708242,39.5940070884376,6,27,61,3,0,https://gis.arapahoegov.com/mapsandphotos/electionprecinctpdfs/Precinct_380.pdf,1008,1098
382,382,4276103382,-104.735231275019,39.6155055961293,4,27,61,3,1,https://gis.arapahoegov.com/mapsandphotos/electionprecinctpdfs/Precinct_382.pdf,589,623
383,383,6276103383,-104.685220646779,39.5896038805219,6,27,61,3,1,https://gis.arapahoegov.com/mapsandphotos/electionprecinctpdfs/Precinct_383.pdf,1282,1394
384,384,6275603384,-104.665628691757,39.5904886853851,6,27,56,3,1,https://gis.arapahoegov.com/mapsandphotos/electionprecinctpdfs/Precinct_384.pdf,513,1492
385,385,6276103385,-104.700588964748,39.6211066971423,6,27,61,3,1,https://gis.arapahoegov.com/mapsandphotos/electionprecinctpdfs/Precinct_385.pdf,774,845
386,386,6284003386,-104.757002294459,39.6709715421739,6,28,40,3,1,https://gis.arapahoegov.com/mapsandphotos/electionprecinctpdfs/Precinct_386.pdf,1012,994
387,387,4274003387,-104.72339327743,39.6305204114298,4,27,40,3,1,https://gis.arapahoegov.com/mapsandphotos/electionprecinctpdfs/Precinct_387.pdf,1141,1319
388,388,6276103388,-104.660102543535,39.5716461754191,6,27,61,3,1,https://gis.arapahoegov.com/mapsandphotos/electionprecinctpdfs/Precinct_388.pdf,1293,1401
389,389,6284003389,-104.75303950042,39.6508401573634,6,28,40,3,1,https://gis.arapahoegov.com/mapsandphotos/electionprecinctpdfs/Precinct_389.pdf,107,105
401,401,6260903401,-104.898325256778,39.693795837755,6,26,9,3,0,https://gis.arapahoegov.com/mapsandphotos/electionprecinctpdfs/Precinct_401.pdf,1463,1089
402,402,6320903402,-104.900090383333,39.6849343003334,6,32,9,3,0,https://gis.arapahoegov.com/mapsandphotos/electionprecinctpdfs/Precinct_402.pdf,0,0
403,403,6260903403,-104.896582346251,39.6772995750799,6,26,9,3,1,https://gis.arapahoegov.com/mapsandphotos/electionprecinctpdfs/Precinct_403.pdf,847,643
404,404,6260903404,-104.895982121476,39.672274391439,6,26,9,3,0,https://gis.arapahoegov.com/mapsandphotos/electionprecinctpdfs/Precinct_404.pdf,972,560
405,405,6260903405,-104.899726804507,39.6692460637753,6,26,9,3,0,https://gis.arapahoegov.com/mapsandphotos/electionprecinctpdfs/Precinct_405.pdf,977,678
406,406,6260903406,-104.888400029754,39.6782020388219,6,26,9,3,0,https://gis.arapahoegov.com/mapsandphotos/electionprecinctpdfs/Precinct_406.pdf,613,556
407,407,6260903407,-104.882838067886,39.6698621016872,6,26,9,3,0,https://gis.arapahoegov.com/mapsandphotos/electionprecinctpdfs/Precinct_407.pdf,1471,1352
408,408,6260903408,-104.878784604814,39.6928863099733,6,26,9,3,0,https://gis.arapahoegov.com/mapsandphotos/electionprecinctpdfs/Precinct_408.pdf,1917,881
409,409,6260903409,-104.886912042536,39.6930165473224,6,26,9,3,0,https://gis.arapahoegov.com/mapsandphotos/electionprecinctpdfs/Precinct_409.pdf,540,1549
410,410,6260903410,-104.883895046481,39.6817099241559,6,26,9,3,0,https://gis.arapahoegov.com/mapsandphotos/electionprecinctpdfs/Precinct_410.pdf,1230,1247
411,411,6294103411,-104.871006102417,39.6932192277905,6,29,41,3,0,https://gis.arapahoegov.com/mapsandphotos/electionprecinctpdfs/Precinct_411.pdf,1615,1347
412,412,6260903412,-104.879998580544,39.6856786785547,6,26,9,3,0,https://gis.arapahoegov.com/mapsandphotos/electionprecinctpdfs/Precinct_412.pdf,1610,1488
413,413,6294103413,-104.870586999539,39.6856672152301,6,29,41,3,0,https://gis.arapahoegov.com/mapsandphotos/electionprecinctpdfs/Precinct_413.pdf,1244,994
414,414,6294103414,-104.869811477356,39.6779838798482,6,29,41,3,0,https://gis.arapahoegov.com/mapsandphotos/electionprecinctpdfs/Precinct_414.pdf,990,936
415,415,6320903415,-104.906138967865,39.6807684725546,6,32,9,3,1,https://gis.arapahoegov.com/mapsandphotos/electionprecinctpdfs/Precinct_415.pdf,95,180
416,416,6294103416,-104.85644818468,39.6927895719052,6,29,41,3,0,https://gis.arapahoegov.com/mapsandphotos/electionprecinctpdfs/Precinct_416.pdf,1659,1562
417,417,6294103417,-104.860855648871,39.6858005858746,6,29,41,3,0,https://gis.arapahoegov.com/mapsandphotos/electionprecinctpdfs/Precinct_417.pdf,1165,1033
418,418,6294103418,-104.851530272515,39.6852304009936,6,29,41,3,0,https://gis.arapahoegov.com/mapsandphotos/electionprecinctpdfs/Precinct_418.pdf,932,941
419,419,6294103419,-104.861420450799,39.6757589631684,6,29,41,3,0,https://gis.arapahoegov.com/mapsandphotos/electionprecinctpdfs/Precinct_419.pdf,1125,1120
420,420,6294103420,-104.851931802336,39.6784201502269,6,29,41,3,0,https://gis.arapahoegov.com/mapsandphotos/electionprecinctpdfs/Precinct_420.pdf,1751,1553
421,421,6294103421,-104.855298675618,39.6708831747739,6,29,41,3,0,https://gis.arapahoegov.com/mapsandphotos/electionprecinctpdfs/Precinct_421.pdf,549,534
422,422,6294103422,-104.849643527308,39.6707755839247,6,29,41,3,0,https://gis.arapahoegov.com/mapsandphotos/electionprecinctpdfs/Precinct_422.pdf,716,693
423,423,6294103423,-104.856793034781,39.6639521074477,6,29,41,3,0,https://gis.arapahoegov.com/mapsandphotos/electionprecinctpdfs/Precinct_423.pdf,1447,1402
424,424,6274003424,-104.847075132298,39.6581734951295,6,27,40,3,0,https://gis.arapahoegov.com/mapsandphotos/electionprecinctpdfs/Precinct_424.pdf,40,49
425,425,6294103425,-104.84299732058,39.6632058695216,6,29,41,3,0,https://gis.arapahoegov.com/mapsandphotos/electionprecinctpdfs/Precinct_425.pdf,1419,1478
426,426,6294103426,-104.83559333159,39.6654301378092,6,29,41,3,0,https://gis.arapahoegov.com/mapsandphotos/electionprecinctpdfs/Precinct_426.pdf,758,766
427,427,6294103427,-104.841973723179,39.6713463262522,6,29,41,3,0,https://gis.arapahoegov.com/mapsandphotos/electionprecinctpdfs/Precinct_427.pdf,1549,1457
428,428,6294103428,-104.833076960218,39.671186911712,6,29,41,3,0,https://gis.arapahoegov.com/mapsandphotos/electionprecinctpdfs/Precinct_428.pdf,1109,998
429,429,6294103429,-104.842547530018,39.6784758762909,6,29,41,3,0,https://gis.arapahoegov.com/mapsandphotos/electionprecinctpdfs/Precinct_429.pdf,898,762
430,430,6294103430,-104.833289208185,39.6784920336184,6,29,41,3,0,https://gis.arapahoegov.com/mapsandphotos/electionprecinctpdfs/Precinct_430.pdf,1191,1019
431,431,6294103431,-104.842777566376,39.6855138245504,6,29,41,3,0,https://gis.arapahoegov.com/mapsandphotos/electionprecinctpdfs/Precinct_431.pdf,629,647
432,432,6294103432,-104.842416186638,39.6927087159984,6,29,41,3,0,https://gis.arapahoegov.com/mapsandphotos/electionprecinctpdfs/Precinct_432.pdf,1335,1235
433,433,6294103433,-104.833423964589,39.6892602761369,6,29,41,3,0,https://gis.arapahoegov.com/mapsandphotos/electionprecinctpdfs/Precinct_433.pdf,997,927
434,434,6294103434,-104.824093696364,39.693018670016,6,29,41,3,0,https://gis.arapahoegov.com/mapsandphotos/electionprecinctpdfs/Precinct_434.pdf,1214,1107
435,435,6294103435,-104.814587625687,39.6912724762079,6,29,41,3,0,https://gis.arapahoegov.com/mapsandphotos/electionprecinctpdfs/Precinct_435.pdf,1478,1425
436,436,6294103436,-104.824016196785,39.6857306489945,6,29,41,3,0,https://gis.arapahoegov.com/mapsandphotos/electionprecinctpdfs/Precinct_436.pdf,1517,1396
437,437,6294103437,-104.814638967176,39.6803305653977,6,29,41,3,0,https://gis.arapahoegov.com/mapsandphotos/electionprecinctpdfs/Precinct_437.pdf,1477,1464
438,438,6294103438,-104.824495432046,39.6750050213099,6,29,41,3,0,https://gis.arapahoegov.com/mapsandphotos/electionprecinctpdfs/Precinct_438.pdf,1502,1335
439,439,6294103439,-104.816059981046,39.6717319766068,6,29,41,3,0,https://gis.arapahoegov.com/mapsandphotos/electionprecinctpdfs/Precinct_439.pdf,1003,986
440,440,6294103440,-104.823909625379,39.6661292385991,6,29,41,3,0,https://gis.arapahoegov.com/mapsandphotos/electionprecinctpdfs/Precinct_440.pdf,851,817
441,441,6294103441,-104.826692556338,39.6632488336166,6,29,41,3,0,https://gis.arapahoegov.com/mapsandphotos/electionprecinctpdfs/Precinct_441.pdf,846,788
442,442,6294103442,-104.834312171146,39.6614591619475,6,29,41,3,0,https://gis.arapahoegov.com/mapsandphotos/electionprecinctpdfs/Precinct_442.pdf,738,762
443,443,6294103443,-104.831461165529,39.6599466509246,6,29,41,3,0,https://gis.arapahoegov.com/mapsandphotos/electionprecinctpdfs/Precinct_443.pdf,551,521
444,444,6294103444,-104.819050167158,39.6614637923342,6,29,41,3,0,https://gis.arapahoegov.com/mapsandphotos/electionprecinctpdfs/Precinct_444.pdf,679,681
445,445,6294103445,-104.813236608164,39.6566384536806,6,29,41,3,0,https://gis.arapahoegov.com/mapsandphotos/electionprecinctpdfs/Precinct_445.pdf,701,682
446,446,6294003446,-104.82096609658,39.6477681032949,6,29,40,3,0,https://gis.arapahoegov.com/mapsandphotos/electionprecinctpdfs/Precinct_446.pdf,816,829
447,447,6294003447,-104.812455026965,39.6457953051204,6,29,40,3,1,https://gis.arapahoegov.com/mapsandphotos/electionprecinctpdfs/Precinct_447.pdf,1614,1605
448,448,6294003448,-104.824226662772,39.6421537687644,6,29,40,3,0,https://gis.arapahoegov.com/mapsandphotos/electionprecinctpdfs/Precinct_448.pdf,1735,1567
449,449,6294003449,-104.787749045326,39.6418126680316,6,29,40,3,0,https://gis.arapahoegov.com/mapsandphotos/electionprecinctpdfs/Precinct_449.pdf,623,1141
450,450,6294003450,-104.777830443424,39.6421098689927,6,29,40,3,0,https://gis.arapahoegov.com/mapsandphotos/electionprecinctpdfs/Precinct_450.pdf,1338,1123
451,451,6294103451,-104.794764541573,39.6708626057251,6,29,41,3,0,https://gis.arapahoegov.com/mapsandphotos/electionprecinctpdfs/Precinct_451.pdf,1264,673
452,452,6294003452,-104.780705725126,39.6709957706922,6,29,40,3,1,https://gis.arapahoegov.com/mapsandphotos/electionprecinctpdfs/Precinct_452.pdf,1070,1870
453,453,6294003453,-104.786862087833,39.6630809610647,6,29,40,3,0,https://gis.arapahoegov.com/mapsandphotos/electionprecinctpdfs/Precinct_453.pdf,573,933
454,454,6294003454,-104.780955614376,39.6631791628849,6,29,40,3,0,https://gis.arapahoegov.com/mapsandphotos/electionprecinctpdfs/Precinct_454.pdf,1119,910
455,455,6294003455,-104.775420020173,39.659919106995,6,29,40,3,0,https://gis.arapahoegov.com/mapsandphotos/electionprecinctpdfs/Precinct_455.pdf,927,1291
456,456,6294003456,-104.787350916319,39.6564354590032,6,29,40,3,0,https://gis.arapahoegov.com/mapsandphotos/electionprecinctpdfs/Precinct_456.pdf,1225,857
457,457,6294003457,-104.780919438333,39.6554383588849,6,29,40,3,0,https://gis.arapahoegov.com/mapsandphotos/electionprecinctpdfs/Precinct_457.pdf,0,635
458,458,6294003458,-104.786688694662,39.6497104301982,6,29,40,3,0,https://gis.arapahoegov.com/mapsandphotos/electionprecinctpdfs/Precinct_458.pdf,0,1201
459,459,6294003459,-104.778293289652,39.6486984280459,6,29,40,3,0,https://gis.arapahoegov.com/mapsandphotos/electionprecinctpdfs/Precinct_459.pdf,924,1327
460,460,1320903460,-104.935265639454,39.7058575283706,1,32,9,3,0,https://gis.arapahoegov.com/mapsandphotos/electionprecinctpdfs/Precinct_460.pdf,1143,1177
461,461,6294003461,-104.800198015453,39.6407817818476,6,29,40,3,0,https://gis.arapahoegov.com/mapsandphotos/electionprecinctpdfs/Precinct_461.pdf,1325,1306
462,462,6294003462,-104.806836174121,39.6464872472175,6,29,40,3,0,https://gis.arapahoegov.com/mapsandphotos/electionprecinctpdfs/Precinct_462.pdf,1215,1235
463,463,6294003463,-104.796575153591,39.6456190087601,6,29,40,3,0,https://gis.arapahoegov.com/mapsandphotos/electionprecinctpdfs/Precinct_463.pdf,1477,1439
464,464,6294003464,-104.797213578386,39.6513375592232,6,29,40,3,0,https://gis.arapahoegov.com/mapsandphotos/electionprecinctpdfs/Precinct_464.pdf,930,911
465,465,6294103465,-104.795165719125,39.6566798966656,6,29,41,3,0,https://gis.arapahoegov.com/mapsandphotos/electionprecinctpdfs/Precinct_465.pdf,712,690
466,466,6294103466,-104.804832911954,39.6564217810034,6,29,41,3,0,https://gis.arapahoegov.com/mapsandphotos/electionprecinctpdfs/Precinct_466.pdf,939,973
467,467,6294103467,-104.804952715021,39.6630518837622,6,29,41,3,0,https://gis.arapahoegov.com/mapsandphotos/electionprecinctpdfs/Precinct_467.pdf,963,970
468,468,6294103468,-104.796204724721,39.6642004625101,6,29,41,3,0,https://gis.arapahoegov.com/mapsandphotos/electionprecinctpdfs/Precinct_468.pdf,909,930
469,469,6294103469,-104.802574716041,39.6711109779667,6,29,41,3,0,https://gis.arapahoegov.com/mapsandphotos/electionprecinctpdfs/Precinct_469.pdf,776,728
470,470,6294103470,-104.80639119805,39.678430366364,6,29,41,3,0,https://gis.arapahoegov.com/mapsandphotos/electionprecinctpdfs/Precinct_470.pdf,1288,1190
471,471,6294103471,-104.797010071,39.6778090672766,6,29,41,3,0,https://gis.arapahoegov.com/mapsandphotos/electionprecinctpdfs/Precinct_471.pdf,1107,1154
472,472,6294103472,-104.786044613567,39.677731062261,6,29,41,3,0,https://gis.arapahoegov.com/mapsandphotos/electionprecinctpdfs/Precinct_472.pdf,1368,1085
473,473,6294103473,-104.777193563192,39.6789272295282,6,29,41,3,1,https://gis.arapahoegov.com/mapsandphotos/electionprecinctpdfs/Precinct_473.pdf,1069,1098
474,474,1320903474,-104.934992395931,39.6979708941764,1,32,9,3,0,https://gis.arapahoegov.com/mapsandphotos/electionprecinctpdfs/Precinct_474.pdf,790,973
501,501,6283603501,-104.72300724247,39.6911916482849,6,28,36,3,0,https://gis.arapahoegov.com/mapsandphotos/electionprecinctpdfs/Precinct_501.pdf,1444,787
502,502,6283603502,-104.719644354344,39.7172156592757,6,28,36,3,0,https://gis.arapahoegov.com/mapsandphotos/electionprecinctpdfs/Precinct_502.pdf,1294,2985
503,503,6284203503,-104.875244293774,39.7364978009345,6,28,42,3,0,https://gis.arapahoegov.com/mapsandphotos/electionprecinctpdfs/Precinct_503.pdf,1827,1995
504,504,6284203504,-104.875296164844,39.7292511483527,6,28,42,3,0,https://gis.arapahoegov.com/mapsandphotos/electionprecinctpdfs/Precinct_504.pdf,1029,1028
505,505,6284203505,-104.870590541538,39.7219383975479,6,28,42,3,0,https://gis.arapahoegov.com/mapsandphotos/electionprecinctpdfs/Precinct_505.pdf,1053,1055
506,506,6284203506,-104.856476537357,39.7365540887293,6,28,42,3,0,https://gis.arapahoegov.com/mapsandphotos/electionprecinctpdfs/Precinct_506.pdf,1731,1730
507,507,6284203507,-104.861473151744,39.7294214073909,6,28,42,3,0,https://gis.arapahoegov.com/mapsandphotos/electionprecinctpdfs/Precinct_507.pdf,937,1009
508,508,6284203508,-104.85226701218,39.7290894005001,6,28,42,3,0,https://gis.arapahoegov.com/mapsandphotos/electionprecinctpdfs/Precinct_508.pdf,720,776
509,509,6284203509,-104.861294926573,39.7228315282539,6,28,42,3,0,https://gis.arapahoegov.com/mapsandphotos/electionprecinctpdfs/Precinct_509.pdf,658,662
510,510,6284203510,-104.85281634023,39.7224823821704,6,28,42,3,0,https://gis.arapahoegov.com/mapsandphotos/electionprecinctpdfs/Precinct_510.pdf,694,686
511,511,6284203511,-104.863558181574,39.7156463164342,6,28,42,3,0,https://gis.arapahoegov.com/mapsandphotos/electionprecinctpdfs/Precinct_511.pdf,1045,989
512,512,6284203512,-104.850278942059,39.7169640563621,6,28,42,3,0,https://gis.arapahoegov.com/mapsandphotos/electionprecinctpdfs/Precinct_512.pdf,1096,956
513,513,6284203513,-104.85467195555,39.7127534574539,6,28,42,3,0,https://gis.arapahoegov.com/mapsandphotos/electionprecinctpdfs/Precinct_513.pdf,1045,931
514,514,6294203514,-104.860411812314,39.7074951428089,6,29,42,3,0,https://gis.arapahoegov.com/mapsandphotos/electionprecinctpdfs/Precinct_514.pdf,896,628
515,515,6294203515,-104.850991759532,39.7072202928179,6,29,42,3,0,https://gis.arapahoegov.com/mapsandphotos/electionprecinctpdfs/Precinct_515.pdf,1026,1100
516,516,6294203516,-104.861259179451,39.7017141270275,6,29,42,3,0,https://gis.arapahoegov.com/mapsandphotos/electionprecinctpdfs/Precinct_516.pdf,832,798
517,517,6294203517,-104.858900454417,39.6983830069471,6,29,42,3,0,https://gis.arapahoegov.com/mapsandphotos/electionprecinctpdfs/Precinct_517.pdf,792,829
518,518,6294203518,-104.84952406198,39.6999428274898,6,29,42,3,0,https://gis.arapahoegov.com/mapsandphotos/electionprecinctpdfs/Precinct_518.pdf,743,680
519,519,6294203519,-104.843864275544,39.6999786739615,6,29,42,3,0,https://gis.arapahoegov.com/mapsandphotos/electionprecinctpdfs/Precinct_519.pdf,878,744
520,520,6294203520,-104.836476922244,39.7038393290851,6,29,42,3,0,https://gis.arapahoegov.com/mapsandphotos/electionprecinctpdfs/Precinct_520.pdf,1015,993
521,521,6294203521,-104.831189161232,39.7036484038277,6,29,42,3,0,https://gis.arapahoegov.com/mapsandphotos/electionprecinctpdfs/Precinct_521.pdf,863,897
522,522,6294203522,-104.842569897867,39.7072369110853,6,29,42,3,0,https://gis.arapahoegov.com/mapsandphotos/electionprecinctpdfs/Precinct_522.pdf,1090,1076
523,523,6284203523,-104.837045976254,39.7166820401059,6,28,42,3,0,https://gis.arapahoegov.com/mapsandphotos/electionprecinctpdfs/Precinct_523.pdf,1312,1308
524,524,6284203524,-104.835685053799,39.7238882790079,6,28,42,3,0,https://gis.arapahoegov.com/mapsandphotos/electionprecinctpdfs/Precinct_524.pdf,997,891
525,525,6284203525,-104.843193806937,39.7303254757763,6,28,42,3,0,https://gis.arapahoegov.com/mapsandphotos/electionprecinctpdfs/Precinct_525.pdf,918,925
526,526,6284203526,-104.836795287372,39.7318956844004,6,28,42,3,0,https://gis.arapahoegov.com/mapsandphotos/electionprecinctpdfs/Precinct_526.pdf,895,880
527,527,6284203527,-104.829203567757,39.7314721146756,6,28,42,3,0,https://gis.arapahoegov.com/mapsandphotos/electionprecinctpdfs/Precinct_527.pdf,1172,1180
528,528,6284203528,-104.841928344943,39.7382939743984,6,28,42,3,0,https://gis.arapahoegov.com/mapsandphotos/electionprecinctpdfs/Precinct_528.pdf,536,627
529,529,6284203529,-104.832638126585,39.7380863101713,6,28,42,3,0,https://gis.arapahoegov.com/mapsandphotos/electionprecinctpdfs/Precinct_529.pdf,714,853
530,530,6284203530,-104.820884626453,39.7323033713758,6,28,42,3,0,https://gis.arapahoegov.com/mapsandphotos/electionprecinctpdfs/Precinct_530.pdf,1129,1151
531,531,6284203531,-104.813676513228,39.7338549644183,6,28,42,3,0,https://gis.arapahoegov.com/mapsandphotos/electionprecinctpdfs/Precinct_531.pdf,873,973
532,532,6284203532,-104.822803980685,39.7179879256389,6,28,42,3,0,https://gis.arapahoegov.com/mapsandphotos/electionprecinctpdfs/Precinct_532.pdf,998,955
533,533,6284203533,-104.814489364082,39.7175851642573,6,28,42,3,0,https://gis.arapahoegov.com/mapsandphotos/electionprecinctpdfs/Precinct_533.pdf,1433,1516
534,534,6294203534,-104.823865006098,39.7034706060364,6,29,42,3,0,https://gis.arapahoegov.com/mapsandphotos/electionprecinctpdfs/Precinct_534.pdf,1076,822
535,535,6294203535,-104.814411548892,39.7041519917491,6,29,42,3,0,https://gis.arapahoegov.com/mapsandphotos/electionprecinctpdfs/Precinct_535.pdf,903,901
536,536,6294203536,-104.816727318586,39.6985602535525,6,29,42,3,0,https://gis.arapahoegov.com/mapsandphotos/electionprecinctpdfs/Precinct_536.pdf,802,638
537,537,6294103537,-104.807265255532,39.6908298763628,6,29,41,3,0,https://gis.arapahoegov.com/mapsandphotos/electionprecinctpdfs/Precinct_537.pdf,1202,1135
538,538,6294103538,-104.801134224956,39.6906093265991,6,29,41,3,0,https://gis.arapahoegov.com/mapsandphotos/electionprecinctpdfs/Precinct_538.pdf,1188,1203
539,539,6294103539,-104.794768698996,39.6918947055059,6,29,41,3,0,https://gis.arapahoegov.com/mapsandphotos/electionprecinctpdfs/Precinct_539.pdf,1187,1071
540,540,6294203540,-104.796619700245,39.698399951122,6,29,42,3,0,https://gis.arapahoegov.com/mapsandphotos/electionprecinctpdfs/Precinct_540.pdf,725,754
541,541,6294203541,-104.803577041581,39.7024410653457,6,29,42,3,0,https://gis.arapahoegov.com/mapsandphotos/electionprecinctpdfs/Precinct_541.pdf,762,759
542,542,6294203542,-104.807853324011,39.7025590727682,6,29,42,3,0,https://gis.arapahoegov.com/mapsandphotos/electionprecinctpdfs/Precinct_542.pdf,804,475
543,543,6294203543,-104.79612299619,39.7036220905522,6,29,42,3,0,https://gis.arapahoegov.com/mapsandphotos/electionprecinctpdfs/Precinct_543.pdf,1015,1008
544,544,6284203544,-104.79887964298,39.7097693431033,6,28,42,3,0,https://gis.arapahoegov.com/mapsandphotos/electionprecinctpdfs/Precinct_544.pdf,1557,1403
545,545,6284203545,-104.800768560533,39.718567273008,6,28,42,3,0,https://gis.arapahoegov.com/mapsandphotos/electionprecinctpdfs/Precinct_545.pdf,404,322
546,546,6284203546,-104.805424419768,39.7312379456933,6,28,42,3,0,https://gis.arapahoegov.com/mapsandphotos/electionprecinctpdfs/Precinct_546.pdf,1145,1065
547,547,6283603547,-104.795996702544,39.7295402061514,6,28,36,3,0,https://gis.arapahoegov.com/mapsandphotos/electionprecinctpdfs/Precinct_547.pdf,1087,1164
548,548,6284203548,-104.804928545816,39.738526076872,6,28,42,3,0,https://gis.arapahoegov.com/mapsandphotos/electionprecinctpdfs/Precinct_548.pdf,509,462
549,549,6283603549,-104.795776079895,39.736851814213,6,28,36,3,0,https://gis.arapahoegov.com/mapsandphotos/electionprecinctpdfs/Precinct_549.pdf,558,538
550,550,6283603550,-104.764246213426,39.7327284150887,6,28,36,3,0,https://gis.arapahoegov.com/mapsandphotos/electionprecinctpdfs/Precinct_550.pdf,96,83
551,551,6283603551,-104.759915049226,39.7069545422819,6,28,36,3,1,https://gis.arapahoegov.com/mapsandphotos/electionprecinctpdfs/Precinct_551.pdf,868,918
552,552,6293603552,-104.78486976487,39.703198613691,6,29,36,3,0,https://gis.arapahoegov.com/mapsandphotos/electionprecinctpdfs/Precinct_552.pdf,1085,1079
553,553,6293603553,-104.78107123931,39.6988685593509,6,29,36,3,0,https://gis.arapahoegov.com/mapsandphotos/electionprecinctpdfs/Precinct_553.pdf,1458,1411
554,554,6294103554,-104.784110263288,39.6940019927303,6,29,41,3,0,https://gis.arapahoegov.com/mapsandphotos/electionprecinctpdfs/Precinct_554.pdf,1125,1141
555,555,6294103555,-104.77447617932,39.6920379679105,6,29,41,3,0,https://gis.arapahoegov.com/mapsandphotos/electionprecinctpdfs/Precinct_555.pdf,971,1020
556,556,6283603556,-104.768586774885,39.6877229319962,6,28,36,3,0,https://gis.arapahoegov.com/mapsandphotos/electionprecinctpdfs/Precinct_556.pdf,1327,1549
557,557,6283603557,-104.759986157748,39.690101573344,6,28,36,3,0,https://gis.arapahoegov.com/mapsandphotos/electionprecinctpdfs/Precinct_557.pdf,1776,1804
558,558,6294103558,-104.78617655345,39.6888115397539,6,29,41,3,0,https://gis.arapahoegov.com/mapsandphotos/electionprecinctpdfs/Precinct_558.pdf,1092,1073
559,559,6294103559,-104.777547453807,39.6861985959092,6,29,41,3,0,https://gis.arapahoegov.com/mapsandphotos/electionprecinctpdfs/Precinct_559.pdf,885,880
560,560,6294103560,-104.786444407125,39.6838037557411,6,29,41,3,0,https://gis.arapahoegov.com/mapsandphotos/electionprecinctpdfs/Precinct_560.pdf,532,508
561,561,6283603561,-104.694361001401,39.7299290590806,6,28,36,3,0,https://gis.arapahoegov.com/mapsandphotos/electionprecinctpdfs/Precinct_561.pdf,0,1886
562,562,6283603562,-104.705548428216,39.6924129162998,6,28,36,3,0,https://gis.arapahoegov.com/mapsandphotos/electionprecinctpdfs/Precinct_562.pdf,0,1998
563,563,6283603563,-104.692489630573,39.7183572174908,6,28,36,3,0,https://gis.arapahoegov.com/mapsandphotos/electionprecinctpdfs/Precinct_563.pdf,0,1924
564,564,6294103564,-104.800441381538,39.6838836580276,6,29,41,3,0,https://gis.arapahoegov.com/mapsandphotos/electionprecinctpdfs/Precinct_564.pdf,0,792
