Primary Captain District,Precinct,Voters,Nearest VSPC,Distance to Nearest VSPC (mi.),Assigned VSPC,Distance to Assigned VSPC (mi.),Distance Difference (mi.),Reassigned,Voters Assigned,Precincts Assigned,Address,City,State,Zip,Precinct Map URL
1,101,1549,City of Sheridan Municipal Building,0.54,City of Sheridan Municipal Building,0.54,0.0,False,11507,11,4101 S Federal Blvd,Sheridan,CO,80110,https://gis.arapahoegov.com/mapsandphotos/electionprecinctpdfs/Precinct_101.pdf
1,102,1272,City of Sheridan Municipal Building,0.73,City of Sheridan Municipal Building,0.73,0.0,False,11507,11,4101 S Federal Blvd,Sheridan,CO,80110,https://gis.arapahoegov.com/mapsandphotos/electionprecinctpdfs/Precinct_102.pdf
1,103,810,City of Sheridan Municipal Building,0.23,City of Sheridan Municipal Building,0.23,0.0,False,11507,11,4101 S Federal Blvd,Sheridan,CO,80110,https://gis.arapahoegov.com/mapsandphotos/electionprecinctpdfs/Precinct_103.pdf
1,104,823,Englewood Civic Center,0.94,Englewood Civic Center,0.94,0.0,False,20885,22,1000 Englewood Pkwy,Englewood,CO,80110,https://gis.arapahoegov.com/mapsandphotos/electionprecinctpdfs/Precinct_104.pdf
1,105,1773,Englewood Civic Center,0.56,Englewood Civic Center,0.56,0.0,False,20885,22,1000 Englewood Pkwy,Englewood,CO,80110,https://gis.arapahoegov.com/mapsandphotos/electionprecinctpdfs/Precinct_105.pdf
1,106,520,Englewood Civic Center,0.14,Englewood Civic Center,0.14,0.0,False,20885,22,1000 Englewood Pkwy,Englewood,CO,80110,https://gis.arapahoegov.com/mapsandphotos/electionprecinctpdfs/Precinct_106.pdf
2,107,944,Englewood Civic Center,0.86,Englewood Civic Center,0.86,0.0,False,20885,22,1000 Englewood Pkwy,Englewood,CO,80110,https://gis.arapahoegov.com/mapsandphotos/electionprecinctpdfs/Precinct_107.pdf
2,108,706,Englewood Civic Center,1.28,Englewood Civic Center,1.28,0.0,False,20885,22,1000 Englewood Pkwy,Englewood,CO,80110,https://gis.arapahoegov.com/mapsandphotos/electionprecinctpdfs/Precinct_108.pdf
2,109,652,Englewood Civic Center,1.52,Englewood Civic Center,1.52,0.0,False,20885,22,1000 Englewood Pkwy,Englewood,CO,80110,https://gis.arapahoegov.com/mapsandphotos/electionprecinctpdfs/Precinct_109.pdf
2,110,517,Englewood Civic Center,1.89,Englewood Civic Center,1.89,0.0,False,20885,22,1000 Englewood Pkwy,Englewood,CO,80110,https://gis.arapahoegov.com/mapsandphotos/electionprecinctpdfs/Precinct_110.pdf
2,111,1322,Englewood Civic Center,1.01,Englewood Civic Center,1.01,0.0,False,20885,22,1000 Englewood Pkwy,Englewood,CO,80110,https://gis.arapahoegov.com/mapsandphotos/electionprecinctpdfs/Precinct_111.pdf
2,112,919,Englewood Civic Center,1.12,Englewood Civic Center,1.12,0.0,False,20885,22,1000 Englewood Pkwy,Englewood,CO,80110,https://gis.arapahoegov.com/mapsandphotos/electionprecinctpdfs/Precinct_112.pdf
2,113,710,Englewood Civic Center,2.05,Englewood Civic Center,2.05,0.0,False,20885,22,1000 Englewood Pkwy,Englewood,CO,80110,https://gis.arapahoegov.com/mapsandphotos/electionprecinctpdfs/Precinct_113.pdf
2,114,886,Englewood Civic Center,1.61,Englewood Civic Center,1.61,0.0,False,20885,22,1000 Englewood Pkwy,Englewood,CO,80110,https://gis.arapahoegov.com/mapsandphotos/electionprecinctpdfs/Precinct_114.pdf
1,115,1244,Englewood Civic Center,0.42,Englewood Civic Center,0.42,0.0,False,20885,22,1000 Englewood Pkwy,Englewood,CO,80110,https://gis.arapahoegov.com/mapsandphotos/electionprecinctpdfs/Precinct_115.pdf
1,116,1275,Englewood Civic Center,0.92,Englewood Civic Center,0.92,0.0,False,20885,22,1000 Englewood Pkwy,Englewood,CO,80110,https://gis.arapahoegov.com/mapsandphotos/electionprecinctpdfs/Precinct_116.pdf
3,117,1227,Englewood Civic Center,0.96,Englewood Civic Center,0.96,0.0,False,20885,22,1000 Englewood Pkwy,Englewood,CO,80110,https://gis.arapahoegov.com/mapsandphotos/electionprecinctpdfs/Precinct_117.pdf
3,118,901,Englewood Civic Center,1.03,Englewood Civic Center,1.03,0.0,False,20885,22,1000 Englewood Pkwy,Englewood,CO,80110,https://gis.arapahoegov.com/mapsandphotos/electionprecinctpdfs/Precinct_118.pdf
3,119,874,Englewood Civic Center,1.34,Englewood Civic Center,1.34,0.0,False,20885,22,1000 Englewood Pkwy,Englewood,CO,80110,https://gis.arapahoegov.com/mapsandphotos/electionprecinctpdfs/Precinct_119.pdf
1,120,817,Englewood Civic Center,1.01,Englewood Civic Center,1.01,0.0,False,20885,22,1000 Englewood Pkwy,Englewood,CO,80110,https://gis.arapahoegov.com/mapsandphotos/electionprecinctpdfs/Precinct_120.pdf
1,121,608,Englewood Civic Center,1.3,Englewood Civic Center,1.3,0.0,False,20885,22,1000 Englewood Pkwy,Englewood,CO,80110,https://gis.arapahoegov.com/mapsandphotos/electionprecinctpdfs/Precinct_121.pdf
3,122,1313,City of Sheridan Municipal Building,0.84,City of Sheridan Municipal Building,0.84,0.0,False,11507,11,4101 S Federal Blvd,Sheridan,CO,80110,https://gis.arapahoegov.com/mapsandphotos/electionprecinctpdfs/Precinct_122.pdf
3,123,1038,Englewood Civic Center,1.58,Englewood Civic Center,1.58,0.0,False,20885,22,1000 Englewood Pkwy,Englewood,CO,80110,https://gis.arapahoegov.com/mapsandphotos/electionprecinctpdfs/Precinct_123.pdf
3,124,1093,Bemis Public Library,1.34,Bemis Public Library,1.34,0.0,False,20676,23,6014 S Datura St,Littleton,CO,80120,https://gis.arapahoegov.com/mapsandphotos/electionprecinctpdfs/Precinct_124.pdf
3,125,581,Bemis Public Library,1.22,Bemis Public Library,1.22,0.0,False,20676,23,6014 S Datura St,Littleton,CO,80120,https://gis.arapahoegov.com/mapsandphotos/electionprecinctpdfs/Precinct_125.pdf
5,126,965,Bemis Public Library,1.0,Bemis Public Library,1.0,0.0,False,20676,23,6014 S Datura St,Littleton,CO,80120,https://gis.arapahoegov.com/mapsandphotos/electionprecinctpdfs/Precinct_126.pdf
7,127,680,Southglenn Library,1.14,Southglenn Library,1.14,0.0,False,19803,24,6972 S Vine St,Centennial,CO,80122,https://gis.arapahoegov.com/mapsandphotos/electionprecinctpdfs/Precinct_127.pdf
3,128,425,Bemis Public Library,1.46,Bemis Public Library,1.46,0.0,False,20676,23,6014 S Datura St,Littleton,CO,80120,https://gis.arapahoegov.com/mapsandphotos/electionprecinctpdfs/Precinct_128.pdf
3,129,664,Bemis Public Library,1.7,Bemis Public Library,1.7,0.0,False,20676,23,6014 S Datura St,Littleton,CO,80120,https://gis.arapahoegov.com/mapsandphotos/electionprecinctpdfs/Precinct_129.pdf
3,130,1003,Englewood Civic Center,1.7,Englewood Civic Center,1.7,0.0,False,20885,22,1000 Englewood Pkwy,Englewood,CO,80110,https://gis.arapahoegov.com/mapsandphotos/electionprecinctpdfs/Precinct_130.pdf
2,131,1015,Englewood Civic Center,2.25,Englewood Civic Center,2.25,0.0,False,20885,22,1000 Englewood Pkwy,Englewood,CO,80110,https://gis.arapahoegov.com/mapsandphotos/electionprecinctpdfs/Precinct_131.pdf
2,132,1111,Englewood Civic Center,2.18,Englewood Civic Center,2.18,0.0,False,20885,22,1000 Englewood Pkwy,Englewood,CO,80110,https://gis.arapahoegov.com/mapsandphotos/electionprecinctpdfs/Precinct_132.pdf
2,133,1012,Greenwood Village City Hall,2.65,Greenwood Village City Hall,2.65,0.0,False,16033,21,6060 S Quebec St,Greenwood Village,CO,80111,https://gis.arapahoegov.com/mapsandphotos/electionprecinctpdfs/Precinct_133.pdf
2,134,578,Cook Park Recreation Center,3.21,Cook Park Recreation Center,3.21,0.0,False,16862,20,7100 Cherry Creek S Dr,Denver,CO,80224,https://gis.arapahoegov.com/mapsandphotos/electionprecinctpdfs/Precinct_134.pdf
2,135,386,Greenwood Village City Hall,1.89,Greenwood Village City Hall,1.89,0.0,False,16033,21,6060 S Quebec St,Greenwood Village,CO,80111,https://gis.arapahoegov.com/mapsandphotos/electionprecinctpdfs/Precinct_135.pdf
2,136,931,Greenwood Village City Hall,2.69,Greenwood Village City Hall,2.69,0.0,False,16033,21,6060 S Quebec St,Greenwood Village,CO,80111,https://gis.arapahoegov.com/mapsandphotos/electionprecinctpdfs/Precinct_136.pdf
19,137,922,Cook Park Recreation Center,1.78,Cook Park Recreation Center,1.78,0.0,False,16862,20,7100 Cherry Creek S Dr,Denver,CO,80224,https://gis.arapahoegov.com/mapsandphotos/electionprecinctpdfs/Precinct_137.pdf
19,138,421,Cook Park Recreation Center,1.27,Cook Park Recreation Center,1.27,0.0,False,16862,20,7100 Cherry Creek S Dr,Denver,CO,80224,https://gis.arapahoegov.com/mapsandphotos/electionprecinctpdfs/Precinct_138.pdf
19,139,716,Cook Park Recreation Center,1.43,Cook Park Recreation Center,1.43,0.0,False,16862,20,7100 Cherry Creek S Dr,Denver,CO,80224,https://gis.arapahoegov.com/mapsandphotos/electionprecinctpdfs/Precinct_139.pdf
7,140,746,Southglenn Library,1.4,Southglenn Library,1.4,0.0,False,19803,24,6972 S Vine St,Centennial,CO,80122,https://gis.arapahoegov.com/mapsandphotos/electionprecinctpdfs/Precinct_140.pdf
4,141,471,City of Sheridan Municipal Building,1.74,City of Sheridan Municipal Building,1.74,0.0,False,11507,11,4101 S Federal Blvd,Sheridan,CO,80110,https://gis.arapahoegov.com/mapsandphotos/electionprecinctpdfs/Precinct_141.pdf
4,142,942,City of Sheridan Municipal Building,1.47,City of Sheridan Municipal Building,1.47,0.0,False,11507,11,4101 S Federal Blvd,Sheridan,CO,80110,https://gis.arapahoegov.com/mapsandphotos/electionprecinctpdfs/Precinct_142.pdf
4,143,1494,Arapahoe Community College,0.93,Arapahoe Community College,0.93,0.0,False,20725,17,5900 S Santa Fe Dr,Littleton,CO,80120,https://gis.arapahoegov.com/mapsandphotos/electionprecinctpdfs/Precinct_143.pdf
4,144,835,Arapahoe Community College,1.4,Arapahoe Community College,1.4,0.0,False,20725,17,5900 S Santa Fe Dr,Littleton,CO,80120,https://gis.arapahoegov.com/mapsandphotos/electionprecinctpdfs/Precinct_144.pdf
,145,1176,Southglenn Library,0.94,Arapahoe Community College,3.74,2.8,True,20725,17,5900 S Santa Fe Dr,Littleton,CO,80120,https://gis.arapahoegov.com/mapsandphotos/electionprecinctpdfs/Precinct_145.pdf
4,146,825,Arapahoe Community College,1.57,Arapahoe Community College,1.57,0.0,False,20725,17,5900 S Santa Fe Dr,Littleton,CO,80120,https://gis.arapahoegov.com/mapsandphotos/electionprecinctpdfs/Precinct_146.pdf
4,147,1493,Arapahoe Community College,1.79,Arapahoe Community College,1.79,0.0,False,20725,17,5900 S Santa Fe Dr,Littleton,CO,80120,https://gis.arapahoegov.com/mapsandphotos/electionprecinctpdfs/Precinct_147.pdf
9,148,1043,Southglenn Library,1.55,Arapahoe County Lima Plaza,4.29,2.74,True,20444,17,6954 S Lima St,Centennial,CO,80112,https://gis.arapahoegov.com/mapsandphotos/electionprecinctpdfs/Precinct_148.pdf
4,149,1462,Arapahoe Community College,1.08,Arapahoe Community College,1.08,0.0,False,20725,17,5900 S Santa Fe Dr,Littleton,CO,80120,https://gis.arapahoegov.com/mapsandphotos/electionprecinctpdfs/Precinct_149.pdf
6,150,1247,Arapahoe Community College,1.33,Arapahoe Community College,1.33,0.0,False,20725,17,5900 S Santa Fe Dr,Littleton,CO,80120,https://gis.arapahoegov.com/mapsandphotos/electionprecinctpdfs/Precinct_150.pdf
4,151,932,Arapahoe Community College,1.08,Arapahoe Community College,1.08,0.0,False,20725,17,5900 S Santa Fe Dr,Littleton,CO,80120,https://gis.arapahoegov.com/mapsandphotos/electionprecinctpdfs/Precinct_151.pdf
4,152,839,Arapahoe Community College,0.66,Arapahoe Community College,0.66,0.0,False,20725,17,5900 S Santa Fe Dr,Littleton,CO,80120,https://gis.arapahoegov.com/mapsandphotos/electionprecinctpdfs/Precinct_152.pdf
4,153,1476,Arapahoe Community College,0.87,Arapahoe Community College,0.87,0.0,False,20725,17,5900 S Santa Fe Dr,Littleton,CO,80120,https://gis.arapahoegov.com/mapsandphotos/electionprecinctpdfs/Precinct_153.pdf
5,154,1172,Arapahoe Community College,0.18,Arapahoe Community College,0.18,0.0,False,20725,17,5900 S Santa Fe Dr,Littleton,CO,80120,https://gis.arapahoegov.com/mapsandphotos/electionprecinctpdfs/Precinct_154.pdf
6,155,1215,Arapahoe Community College,1.38,Arapahoe Community College,1.38,0.0,False,20725,17,5900 S Santa Fe Dr,Littleton,CO,80120,https://gis.arapahoegov.com/mapsandphotos/electionprecinctpdfs/Precinct_155.pdf
6,156,1162,Bemis Public Library,1.22,Bemis Public Library,1.22,0.0,False,20676,23,6014 S Datura St,Littleton,CO,80120,https://gis.arapahoegov.com/mapsandphotos/electionprecinctpdfs/Precinct_156.pdf
,157,704,Southglenn Library,2.04,Southglenn Library,2.04,0.0,False,19803,24,6972 S Vine St,Centennial,CO,80122,https://gis.arapahoegov.com/mapsandphotos/electionprecinctpdfs/Precinct_157.pdf
5,158,926,Bemis Public Library,0.34,Bemis Public Library,0.34,0.0,False,20676,23,6014 S Datura St,Littleton,CO,80120,https://gis.arapahoegov.com/mapsandphotos/electionprecinctpdfs/Precinct_158.pdf
5,159,825,Bemis Public Library,0.04,Bemis Public Library,0.04,0.0,False,20676,23,6014 S Datura St,Littleton,CO,80120,https://gis.arapahoegov.com/mapsandphotos/electionprecinctpdfs/Precinct_159.pdf
5,160,902,Bemis Public Library,0.32,Bemis Public Library,0.32,0.0,False,20676,23,6014 S Datura St,Littleton,CO,80120,https://gis.arapahoegov.com/mapsandphotos/electionprecinctpdfs/Precinct_160.pdf
5,161,805,Bemis Public Library,0.6,Bemis Public Library,0.6,0.0,False,20676,23,6014 S Datura St,Littleton,CO,80120,https://gis.arapahoegov.com/mapsandphotos/electionprecinctpdfs/Precinct_161.pdf
5,162,883,Bemis Public Library,0.88,Bemis Public Library,0.88,0.0,False,20676,23,6014 S Datura St,Littleton,CO,80120,https://gis.arapahoegov.com/mapsandphotos/electionprecinctpdfs/Precinct_162.pdf
5,163,867,Bemis Public Library,0.71,Bemis Public Library,0.71,0.0,False,20676,23,6014 S Datura St,Littleton,CO,80120,https://gis.arapahoegov.com/mapsandphotos/electionprecinctpdfs/Precinct_163.pdf
7,164,848,Bemis Public Library,1.12,Bemis Public Library,1.12,0.0,False,20676,23,6014 S Datura St,Littleton,CO,80120,https://gis.arapahoegov.com/mapsandphotos/electionprecinctpdfs/Precinct_164.pdf
5,165,1054,Bemis Public Library,0.7,Bemis Public Library,0.7,0.0,False,20676,23,6014 S Datura St,Littleton,CO,80120,https://gis.arapahoegov.com/mapsandphotos/electionprecinctpdfs/Precinct_165.pdf
5,166,460,Bemis Public Library,0.84,Bemis Public Library,0.84,0.0,False,20676,23,6014 S Datura St,Littleton,CO,80120,https://gis.arapahoegov.com/mapsandphotos/electionprecinctpdfs/Precinct_166.pdf
5,167,929,Bemis Public Library,1.15,Bemis Public Library,1.15,0.0,False,20676,23,6014 S Datura St,Littleton,CO,80120,https://gis.arapahoegov.com/mapsandphotos/electionprecinctpdfs/Precinct_167.pdf
6,168,973,Bemis Public Library,1.43,Bemis Public Library,1.43,0.0,False,20676,23,6014 S Datura St,Littleton,CO,80120,https://gis.arapahoegov.com/mapsandphotos/electionprecinctpdfs/Precinct_168.pdf
6,169,1123,Southglenn Library,1.58,City of Sheridan Municipal Building,4.29,2.71,True,11507,11,4101 S Federal Blvd,Sheridan,CO,80110,https://gis.arapahoegov.com/mapsandphotos/electionprecinctpdfs/Precinct_169.pdf
6,170,1206,Arapahoe Community College,2.68,Arapahoe Community College,2.68,0.0,False,20725,17,5900 S Santa Fe Dr,Littleton,CO,80120,https://gis.arapahoegov.com/mapsandphotos/electionprecinctpdfs/Precinct_170.pdf
6,171,1509,Arapahoe Community College,2.14,Arapahoe Community College,2.14,0.0,False,20725,17,5900 S Santa Fe Dr,Littleton,CO,80120,https://gis.arapahoegov.com/mapsandphotos/electionprecinctpdfs/Precinct_171.pdf
6,172,820,Southglenn Library,1.86,Southglenn Library,1.86,0.0,False,19803,24,6972 S Vine St,Centennial,CO,80122,https://gis.arapahoegov.com/mapsandphotos/electionprecinctpdfs/Precinct_172.pdf
6,173,1420,Southglenn Library,1.33,Bemis Public Library,2.3,0.97,True,20676,23,6014 S Datura St,Littleton,CO,80120,https://gis.arapahoegov.com/mapsandphotos/electionprecinctpdfs/Precinct_173.pdf
6,174,703,Southglenn Library,2.14,Southglenn Library,2.14,0.0,False,19803,24,6972 S Vine St,Centennial,CO,80122,https://gis.arapahoegov.com/mapsandphotos/electionprecinctpdfs/Precinct_174.pdf
6,175,969,Southglenn Library,2.04,City of Sheridan Municipal Building,5.33,3.28,True,11507,11,4101 S Federal Blvd,Sheridan,CO,80110,https://gis.arapahoegov.com/mapsandphotos/electionprecinctpdfs/Precinct_175.pdf
6,176,1354,Arapahoe Community College,2.62,Arapahoe Community College,2.62,0.0,False,20725,17,5900 S Santa Fe Dr,Littleton,CO,80120,https://gis.arapahoegov.com/mapsandphotos/electionprecinctpdfs/Precinct_176.pdf
7,177,997,Southglenn Library,0.95,City of Sheridan Municipal Building,4.61,3.66,True,11507,11,4101 S Federal Blvd,Sheridan,CO,80110,https://gis.arapahoegov.com/mapsandphotos/electionprecinctpdfs/Precinct_177.pdf
7,178,903,Southglenn Library,1.01,Southglenn Library,1.01,0.0,False,19803,24,6972 S Vine St,Centennial,CO,80122,https://gis.arapahoegov.com/mapsandphotos/electionprecinctpdfs/Precinct_178.pdf
7,179,704,Southglenn Library,1.13,Southglenn Library,1.13,0.0,False,19803,24,6972 S Vine St,Centennial,CO,80122,https://gis.arapahoegov.com/mapsandphotos/electionprecinctpdfs/Precinct_179.pdf
7,180,1460,Southglenn Library,0.89,Bemis Public Library,1.93,1.04,True,20676,23,6014 S Datura St,Littleton,CO,80120,https://gis.arapahoegov.com/mapsandphotos/electionprecinctpdfs/Precinct_180.pdf
9,181,918,Southglenn Library,2.23,Southglenn Library,2.23,0.0,False,19803,24,6972 S Vine St,Centennial,CO,80122,https://gis.arapahoegov.com/mapsandphotos/electionprecinctpdfs/Precinct_181.pdf
7,182,958,Southglenn Library,0.67,City of Sheridan Municipal Building,4.18,3.51,True,11507,11,4101 S Federal Blvd,Sheridan,CO,80110,https://gis.arapahoegov.com/mapsandphotos/electionprecinctpdfs/Precinct_182.pdf
7,183,1325,Southglenn Library,0.3,Bemis Public Library,2.13,1.82,True,20676,23,6014 S Datura St,Littleton,CO,80120,https://gis.arapahoegov.com/mapsandphotos/electionprecinctpdfs/Precinct_183.pdf
7,184,716,Southglenn Library,0.52,Southglenn Library,0.52,0.0,False,19803,24,6972 S Vine St,Centennial,CO,80122,https://gis.arapahoegov.com/mapsandphotos/electionprecinctpdfs/Precinct_184.pdf
7,185,933,Southglenn Library,0.43,Southglenn Library,0.43,0.0,False,19803,24,6972 S Vine St,Centennial,CO,80122,https://gis.arapahoegov.com/mapsandphotos/electionprecinctpdfs/Precinct_185.pdf
8,186,951,Southglenn Library,1.12,Southglenn Library,1.12,0.0,False,19803,24,6972 S Vine St,Centennial,CO,80122,https://gis.arapahoegov.com/mapsandphotos/electionprecinctpdfs/Precinct_186.pdf
8,187,928,Southglenn Library,0.93,Southglenn Library,0.93,0.0,False,19803,24,6972 S Vine St,Centennial,CO,80122,https://gis.arapahoegov.com/mapsandphotos/electionprecinctpdfs/Precinct_187.pdf
8,188,652,Southglenn Library,1.53,Southglenn Library,1.53,0.0,False,19803,24,6972 S Vine St,Centennial,CO,80122,https://gis.arapahoegov.com/mapsandphotos/electionprecinctpdfs/Precinct_188.pdf
8,189,1103,Southglenn Library,1.43,City of Sheridan Municipal Building,5.93,4.5,True,11507,11,4101 S Federal Blvd,Sheridan,CO,80110,https://gis.arapahoegov.com/mapsandphotos/electionprecinctpdfs/Precinct_189.pdf
8,190,1271,Southglenn Library,1.39,Arapahoe Community College,4.15,2.76,True,20725,17,5900 S Santa Fe Dr,Littleton,CO,80120,https://gis.arapahoegov.com/mapsandphotos/electionprecinctpdfs/Precinct_190.pdf
8,191,899,Southglenn Library,1.68,Southglenn Library,1.68,0.0,False,19803,24,6972 S Vine St,Centennial,CO,80122,https://gis.arapahoegov.com/mapsandphotos/electionprecinctpdfs/Precinct_191.pdf
8,192,1097,Southglenn Library,1.49,Arapahoe County Lima Plaza,4.84,3.34,True,20444,17,6954 S Lima St,Centennial,CO,80112,https://gis.arapahoegov.com/mapsandphotos/electionprecinctpdfs/Precinct_192.pdf
8,193,869,Southglenn Library,1.08,Southglenn Library,1.08,0.0,False,19803,24,6972 S Vine St,Centennial,CO,80122,https://gis.arapahoegov.com/mapsandphotos/electionprecinctpdfs/Precinct_193.pdf
8,194,1219,Southglenn Library,0.62,Arapahoe Community College,3.72,3.1,True,20725,17,5900 S Santa Fe Dr,Littleton,CO,80120,https://gis.arapahoegov.com/mapsandphotos/electionprecinctpdfs/Precinct_194.pdf
8,195,1048,Southglenn Library,0.98,Arapahoe County Lima Plaza,4.87,3.9,True,20444,17,6954 S Lima St,Centennial,CO,80112,https://gis.arapahoegov.com/mapsandphotos/electionprecinctpdfs/Precinct_195.pdf
8,196,651,Southglenn Library,0.7,Southglenn Library,0.7,0.0,False,19803,24,6972 S Vine St,Centennial,CO,80122,https://gis.arapahoegov.com/mapsandphotos/electionprecinctpdfs/Precinct_196.pdf
8,197,714,Southglenn Library,0.79,Southglenn Library,0.79,0.0,False,19803,24,6972 S Vine St,Centennial,CO,80122,https://gis.arapahoegov.com/mapsandphotos/electionprecinctpdfs/Precinct_197.pdf
,198,62,Bemis Public Library,1.56,Bemis Public Library,1.56,0.0,False,20676,23,6014 S Datura St,Littleton,CO,80120,https://gis.arapahoegov.com/mapsandphotos/electionprecinctpdfs/Precinct_198.pdf
9,199,214,Southglenn Library,2.09,Southglenn Library,2.09,0.0,False,19803,24,6972 S Vine St,Centennial,CO,80122,https://gis.arapahoegov.com/mapsandphotos/electionprecinctpdfs/Precinct_199.pdf
9,201,391,Bemis Public Library,1.79,Bemis Public Library,1.79,0.0,False,20676,23,6014 S Datura St,Littleton,CO,80120,https://gis.arapahoegov.com/mapsandphotos/electionprecinctpdfs/Precinct_201.pdf
9,202,366,Southglenn Library,1.61,Southglenn Library,1.61,0.0,False,19803,24,6972 S Vine St,Centennial,CO,80122,https://gis.arapahoegov.com/mapsandphotos/electionprecinctpdfs/Precinct_202.pdf
9,203,737,Southglenn Library,1.77,Southglenn Library,1.77,0.0,False,19803,24,6972 S Vine St,Centennial,CO,80122,https://gis.arapahoegov.com/mapsandphotos/electionprecinctpdfs/Precinct_203.pdf
9,204,1656,Southglenn Library,2.16,Bemis Public Library,3.36,1.21,True,20676,23,6014 S Datura St,Littleton,CO,80120,https://gis.arapahoegov.com/mapsandphotos/electionprecinctpdfs/Precinct_204.pdf
,205,1206,Smoky Hill Library,0.61,Smoky Hill Library,0.61,0.0,False,20838,18,5430 S Biscay Cir,Centennial,CO,80015,https://gis.arapahoegov.com/mapsandphotos/electionprecinctpdfs/Precinct_205.pdf
,206,46,Trails Recreation Center,1.28,Trails Recreation Center,1.28,0.0,False,20119,21,16799 E. Lake Ave.,Centennial,CO,80016,https://gis.arapahoegov.com/mapsandphotos/electionprecinctpdfs/Precinct_206.pdf
33,207,616,Trails Recreation Center,1.7,Trails Recreation Center,1.7,0.0,False,20119,21,16799 E. Lake Ave.,Centennial,CO,80016,https://gis.arapahoegov.com/mapsandphotos/electionprecinctpdfs/Precinct_207.pdf
9,208,1122,Southglenn Library,1.69,Arapahoe County Lima Plaza,4.45,2.76,True,20444,17,6954 S Lima St,Centennial,CO,80112,https://gis.arapahoegov.com/mapsandphotos/electionprecinctpdfs/Precinct_208.pdf
9,209,1037,Greenwood Village City Hall,1.3,Cook Park Recreation Center,5.7,4.41,True,16862,20,7100 Cherry Creek S Dr,Denver,CO,80224,https://gis.arapahoegov.com/mapsandphotos/electionprecinctpdfs/Precinct_209.pdf
9,210,1612,Greenwood Village City Hall,1.56,Southglenn Library,1.87,0.31,True,19803,24,6972 S Vine St,Centennial,CO,80122,https://gis.arapahoegov.com/mapsandphotos/electionprecinctpdfs/Precinct_210.pdf
9,211,920,Southglenn Library,1.46,Southglenn Library,1.46,0.0,False,19803,24,6972 S Vine St,Centennial,CO,80122,https://gis.arapahoegov.com/mapsandphotos/electionprecinctpdfs/Precinct_211.pdf
9,212,1249,Greenwood Village City Hall,1.67,Southglenn Library,1.94,0.27,True,19803,24,6972 S Vine St,Centennial,CO,80122,https://gis.arapahoegov.com/mapsandphotos/electionprecinctpdfs/Precinct_212.pdf
33,213,1520,Trails Recreation Center,2.42,Trails Recreation Center,2.42,0.0,False,20119,21,16799 E. Lake Ave.,Centennial,CO,80016,https://gis.arapahoegov.com/mapsandphotos/electionprecinctpdfs/Precinct_213.pdf
9,214,863,Greenwood Village City Hall,1.99,Greenwood Village City Hall,1.99,0.0,False,16033,21,6060 S Quebec St,Greenwood Village,CO,80111,https://gis.arapahoegov.com/mapsandphotos/electionprecinctpdfs/Precinct_214.pdf
34,215,1342,Tallyns Reach Library,2.51,Tallyns Reach Library,2.51,0.0,False,14891,13,23911 E Arapahoe Rd,Aurora,CO,80016,https://gis.arapahoegov.com/mapsandphotos/electionprecinctpdfs/Precinct_215.pdf
33,216,300,Tallyns Reach Library,1.89,Tallyns Reach Library,1.89,0.0,False,14891,13,23911 E Arapahoe Rd,Aurora,CO,80016,https://gis.arapahoegov.com/mapsandphotos/electionprecinctpdfs/Precinct_216.pdf
10,217,854,Greenwood Village City Hall,2.68,Greenwood Village City Hall,2.68,0.0,False,16033,21,6060 S Quebec St,Greenwood Village,CO,80111,https://gis.arapahoegov.com/mapsandphotos/electionprecinctpdfs/Precinct_217.pdf
10,218,906,Greenwood Village City Hall,2.54,Greenwood Village City Hall,2.54,0.0,False,16033,21,6060 S Quebec St,Greenwood Village,CO,80111,https://gis.arapahoegov.com/mapsandphotos/electionprecinctpdfs/Precinct_218.pdf
10,219,1156,Greenwood Village City Hall,2.2,Parkside Village Retirement Resort,6.11,3.91,True,19166,17,14501 E Crestline Dr,Aurora,CO,80015,https://gis.arapahoegov.com/mapsandphotos/electionprecinctpdfs/Precinct_219.pdf
10,220,894,Greenwood Village City Hall,2.05,Greenwood Village City Hall,2.05,0.0,False,16033,21,6060 S Quebec St,Greenwood Village,CO,80111,https://gis.arapahoegov.com/mapsandphotos/electionprecinctpdfs/Precinct_220.pdf
10,221,807,Greenwood Village City Hall,1.68,Greenwood Village City Hall,1.68,0.0,False,16033,21,6060 S Quebec St,Greenwood Village,CO,80111,https://gis.arapahoegov.com/mapsandphotos/electionprecinctpdfs/Precinct_221.pdf
10,222,945,Greenwood Village City Hall,1.48,Greenwood Village City Hall,1.48,0.0,False,16033,21,6060 S Quebec St,Greenwood Village,CO,80111,https://gis.arapahoegov.com/mapsandphotos/electionprecinctpdfs/Precinct_222.pdf
10,223,1035,Greenwood Village City Hall,1.26,Cook Park Recreation Center,6.59,5.33,True,16862,20,7100 Cherry Creek S Dr,Denver,CO,80224,https://gis.arapahoegov.com/mapsandphotos/electionprecinctpdfs/Precinct_223.pdf
10,224,868,Greenwood Village City Hall,1.04,Greenwood Village City Hall,1.04,0.0,False,16033,21,6060 S Quebec St,Greenwood Village,CO,80111,https://gis.arapahoegov.com/mapsandphotos/electionprecinctpdfs/Precinct_224.pdf
10,225,977,Greenwood Village City Hall,0.91,Greenwood Village City Hall,0.91,0.0,False,16033,21,6060 S Quebec St,Greenwood Village,CO,80111,https://gis.arapahoegov.com/mapsandphotos/electionprecinctpdfs/Precinct_225.pdf
10,226,722,Greenwood Village City Hall,0.62,Greenwood Village City Hall,0.62,0.0,False,16033,21,6060 S Quebec St,Greenwood Village,CO,80111,https://gis.arapahoegov.com/mapsandphotos/electionprecinctpdfs/Precinct_226.pdf
10,227,700,Greenwood Village City Hall,0.81,Greenwood Village City Hall,0.81,0.0,False,16033,21,6060 S Quebec St,Greenwood Village,CO,80111,https://gis.arapahoegov.com/mapsandphotos/electionprecinctpdfs/Precinct_227.pdf
10,228,892,Greenwood Village City Hall,0.33,Greenwood Village City Hall,0.33,0.0,False,16033,21,6060 S Quebec St,Greenwood Village,CO,80111,https://gis.arapahoegov.com/mapsandphotos/electionprecinctpdfs/Precinct_228.pdf
10,229,1214,Greenwood Village City Hall,0.6,Southglenn Library,3.4,2.8,True,19803,24,6972 S Vine St,Centennial,CO,80122,https://gis.arapahoegov.com/mapsandphotos/electionprecinctpdfs/Precinct_229.pdf
2,230,0,Greenwood Village City Hall,1.28,Greenwood Village City Hall,1.28,0.0,False,16033,21,6060 S Quebec St,Greenwood Village,CO,80111,https://gis.arapahoegov.com/mapsandphotos/electionprecinctpdfs/Precinct_230.pdf
11,231,1071,Greenwood Village City Hall,0.91,Parkside Village Retirement Resort,3.95,3.05,True,19166,17,14501 E Crestline Dr,Aurora,CO,80015,https://gis.arapahoegov.com/mapsandphotos/electionprecinctpdfs/Precinct_231.pdf
11,232,1546,Greenwood Village City Hall,1.33,Parkside Village Retirement Resort,3.37,2.04,True,19166,17,14501 E Crestline Dr,Aurora,CO,80015,https://gis.arapahoegov.com/mapsandphotos/electionprecinctpdfs/Precinct_232.pdf
12,233,961,Greenwood Village City Hall,0.55,Greenwood Village City Hall,0.55,0.0,False,16033,21,6060 S Quebec St,Greenwood Village,CO,80111,https://gis.arapahoegov.com/mapsandphotos/electionprecinctpdfs/Precinct_233.pdf
12,234,1385,Greenwood Village City Hall,1.07,Parkside Village Retirement Resort,3.8,2.73,True,19166,17,14501 E Crestline Dr,Aurora,CO,80015,https://gis.arapahoegov.com/mapsandphotos/electionprecinctpdfs/Precinct_234.pdf
12,235,704,Greenwood Village City Hall,1.05,Greenwood Village City Hall,1.05,0.0,False,16033,21,6060 S Quebec St,Greenwood Village,CO,80111,https://gis.arapahoegov.com/mapsandphotos/electionprecinctpdfs/Precinct_235.pdf
12,236,662,Greenwood Village City Hall,1.32,Greenwood Village City Hall,1.32,0.0,False,16033,21,6060 S Quebec St,Greenwood Village,CO,80111,https://gis.arapahoegov.com/mapsandphotos/electionprecinctpdfs/Precinct_236.pdf
12,237,1198,Greenwood Village City Hall,1.54,Parkside Village Retirement Resort,4.87,3.33,True,19166,17,14501 E Crestline Dr,Aurora,CO,80015,https://gis.arapahoegov.com/mapsandphotos/electionprecinctpdfs/Precinct_237.pdf
12,238,872,Arapahoe County Lima Plaza,1.65,Arapahoe County Lima Plaza,1.65,0.0,False,20444,17,6954 S Lima St,Centennial,CO,80112,https://gis.arapahoegov.com/mapsandphotos/electionprecinctpdfs/Precinct_238.pdf
12,239,878,Greenwood Village City Hall,2.1,Greenwood Village City Hall,2.1,0.0,False,16033,21,6060 S Quebec St,Greenwood Village,CO,80111,https://gis.arapahoegov.com/mapsandphotos/electionprecinctpdfs/Precinct_239.pdf
12,240,1771,Arapahoe County Lima Plaza,1.82,Arapahoe County Lima Plaza,1.82,0.0,False,20444,17,6954 S Lima St,Centennial,CO,80112,https://gis.arapahoegov.com/mapsandphotos/electionprecinctpdfs/Precinct_240.pdf
12,241,1052,Greenwood Village City Hall,2.56,Parkside Village Retirement Resort,5.56,3.0,True,19166,17,14501 E Crestline Dr,Aurora,CO,80015,https://gis.arapahoegov.com/mapsandphotos/electionprecinctpdfs/Precinct_241.pdf
12,242,733,Arapahoe County Lima Plaza,2.24,Arapahoe County Lima Plaza,2.24,0.0,False,20444,17,6954 S Lima St,Centennial,CO,80112,https://gis.arapahoegov.com/mapsandphotos/electionprecinctpdfs/Precinct_242.pdf
,243,1523,Arapahoe County Lima Plaza,1.42,Arapahoe County Lima Plaza,1.42,0.0,False,20444,17,6954 S Lima St,Centennial,CO,80112,https://gis.arapahoegov.com/mapsandphotos/electionprecinctpdfs/Precinct_243.pdf
33,244,1426,Arapahoe County Lima Plaza,0.87,Arapahoe County Lima Plaza,0.87,0.0,False,20444,17,6954 S Lima St,Centennial,CO,80112,https://gis.arapahoegov.com/mapsandphotos/electionprecinctpdfs/Precinct_244.pdf
11,245,518,Arapahoe County Lima Plaza,1.14,Arapahoe County Lima Plaza,1.14,0.0,False,20444,17,6954 S Lima St,Centennial,CO,80112,https://gis.arapahoegov.com/mapsandphotos/electionprecinctpdfs/Precinct_245.pdf
11,246,1094,Arapahoe County Lima Plaza,0.91,Arapahoe County Lima Plaza,0.91,0.0,False,20444,17,6954 S Lima St,Centennial,CO,80112,https://gis.arapahoegov.com/mapsandphotos/electionprecinctpdfs/Precinct_246.pdf
11,247,1564,Arapahoe County Lima Plaza,1.12,Arapahoe County Lima Plaza,1.12,0.0,False,20444,17,6954 S Lima St,Centennial,CO,80112,https://gis.arapahoegov.com/mapsandphotos/electionprecinctpdfs/Precinct_247.pdf
12,248,649,Greenwood Village City Hall,1.33,Greenwood Village City Hall,1.33,0.0,False,16033,21,6060 S Quebec St,Greenwood Village,CO,80111,https://gis.arapahoegov.com/mapsandphotos/electionprecinctpdfs/Precinct_248.pdf
11,249,850,Arapahoe County Lima Plaza,1.76,Arapahoe County Lima Plaza,1.76,0.0,False,20444,17,6954 S Lima St,Centennial,CO,80112,https://gis.arapahoegov.com/mapsandphotos/electionprecinctpdfs/Precinct_249.pdf
11,250,1025,Arapahoe County Lima Plaza,1.31,Arapahoe County Lima Plaza,1.31,0.0,False,20444,17,6954 S Lima St,Centennial,CO,80112,https://gis.arapahoegov.com/mapsandphotos/electionprecinctpdfs/Precinct_250.pdf
11,251,1540,Arapahoe County Lima Plaza,1.52,Arapahoe County Lima Plaza,1.52,0.0,False,20444,17,6954 S Lima St,Centennial,CO,80112,https://gis.arapahoegov.com/mapsandphotos/electionprecinctpdfs/Precinct_251.pdf
11,252,1452,Arapahoe County Lima Plaza,2.0,Arapahoe County Lima Plaza,2.0,0.0,False,20444,17,6954 S Lima St,Centennial,CO,80112,https://gis.arapahoegov.com/mapsandphotos/electionprecinctpdfs/Precinct_252.pdf
11,253,1688,Greenwood Village City Hall,2.01,Parkside Village Retirement Resort,2.7,0.69,True,19166,17,14501 E Crestline Dr,Aurora,CO,80015,https://gis.arapahoegov.com/mapsandphotos/electionprecinctpdfs/Precinct_253.pdf
11,254,422,Greenwood Village City Hall,2.47,Greenwood Village City Hall,2.47,0.0,False,16033,21,6060 S Quebec St,Greenwood Village,CO,80111,https://gis.arapahoegov.com/mapsandphotos/electionprecinctpdfs/Precinct_254.pdf
25,255,195,Parkside Village Retirement Resort,1.55,Parkside Village Retirement Resort,1.55,0.0,False,19166,17,14501 E Crestline Dr,Aurora,CO,80015,https://gis.arapahoegov.com/mapsandphotos/electionprecinctpdfs/Precinct_255.pdf
33,256,453,Trails Recreation Center,1.48,Trails Recreation Center,1.48,0.0,False,20119,21,16799 E. Lake Ave.,Centennial,CO,80016,https://gis.arapahoegov.com/mapsandphotos/electionprecinctpdfs/Precinct_256.pdf
30,257,1326,Trails Recreation Center,0.48,Trails Recreation Center,0.48,0.0,False,20119,21,16799 E. Lake Ave.,Centennial,CO,80016,https://gis.arapahoegov.com/mapsandphotos/electionprecinctpdfs/Precinct_257.pdf
,258,748,Heather Gardens,2.68,Heather Gardens,2.68,0.0,False,21123,22,2888 S Heather Gardens Way,Aurora,CO,80014,https://gis.arapahoegov.com/mapsandphotos/electionprecinctpdfs/Precinct_258.pdf
33,259,1707,Trails Recreation Center,1.89,Trails Recreation Center,1.89,0.0,False,20119,21,16799 E. Lake Ave.,Centennial,CO,80016,https://gis.arapahoegov.com/mapsandphotos/electionprecinctpdfs/Precinct_259.pdf
33,260,2001,Trails Recreation Center,2.57,Trails Recreation Center,2.57,0.0,False,20119,21,16799 E. Lake Ave.,Centennial,CO,80016,https://gis.arapahoegov.com/mapsandphotos/electionprecinctpdfs/Precinct_260.pdf
31,261,1666,Trails Recreation Center,0.8,Trails Recreation Center,0.8,0.0,False,20119,21,16799 E. Lake Ave.,Centennial,CO,80016,https://gis.arapahoegov.com/mapsandphotos/electionprecinctpdfs/Precinct_261.pdf
30,262,1323,Trails Recreation Center,0.41,Trails Recreation Center,0.41,0.0,False,20119,21,16799 E. Lake Ave.,Centennial,CO,80016,https://gis.arapahoegov.com/mapsandphotos/electionprecinctpdfs/Precinct_262.pdf
30,263,1036,Trails Recreation Center,0.55,Trails Recreation Center,0.55,0.0,False,20119,21,16799 E. Lake Ave.,Centennial,CO,80016,https://gis.arapahoegov.com/mapsandphotos/electionprecinctpdfs/Precinct_263.pdf
30,264,1255,Trails Recreation Center,0.86,Trails Recreation Center,0.86,0.0,False,20119,21,16799 E. Lake Ave.,Centennial,CO,80016,https://gis.arapahoegov.com/mapsandphotos/electionprecinctpdfs/Precinct_264.pdf
32,265,721,Cherry Creek School District Instructional Support Facility,1.21,Cherry Creek School District Instructional Support Facility,1.21,0.0,False,24654,17,5416 S Riviera Way,Centennial,CO,80112,https://gis.arapahoegov.com/mapsandphotos/electionprecinctpdfs/Precinct_265.pdf
29,266,1736,Tallyns Reach Library,1.44,Arapahoe County Fairgrounds,4.34,2.9,True,18968,15,25690 E Quincy Ave,Aurora,CO,80016,https://gis.arapahoegov.com/mapsandphotos/electionprecinctpdfs/Precinct_266.pdf
32,267,1725,Smoky Hill Library,1.37,Smoky Hill Library,1.37,0.0,False,20838,18,5430 S Biscay Cir,Centennial,CO,80015,https://gis.arapahoegov.com/mapsandphotos/electionprecinctpdfs/Precinct_267.pdf
34,268,1391,Tallyns Reach Library,1.21,Tallyns Reach Library,1.21,0.0,False,14891,13,23911 E Arapahoe Rd,Aurora,CO,80016,https://gis.arapahoegov.com/mapsandphotos/electionprecinctpdfs/Precinct_268.pdf
25,269,1297,Parkside Village Retirement Resort,1.02,Parkside Village Retirement Resort,1.02,0.0,False,19166,17,14501 E Crestline Dr,Aurora,CO,80015,https://gis.arapahoegov.com/mapsandphotos/electionprecinctpdfs/Precinct_269.pdf
25,270,1183,Parkside Village Retirement Resort,0.8,Parkside Village Retirement Resort,0.8,0.0,False,19166,17,14501 E Crestline Dr,Aurora,CO,80015,https://gis.arapahoegov.com/mapsandphotos/electionprecinctpdfs/Precinct_270.pdf
25,271,1093,Parkside Village Retirement Resort,0.8,Parkside Village Retirement Resort,0.8,0.0,False,19166,17,14501 E Crestline Dr,Aurora,CO,80015,https://gis.arapahoegov.com/mapsandphotos/electionprecinctpdfs/Precinct_271.pdf
,272,550,Parkside Village Retirement Resort,0.56,Parkside Village Retirement Resort,0.56,0.0,False,19166,17,14501 E Crestline Dr,Aurora,CO,80015,https://gis.arapahoegov.com/mapsandphotos/electionprecinctpdfs/Precinct_272.pdf
25,273,1127,Parkside Village Retirement Resort,0.39,Parkside Village Retirement Resort,0.39,0.0,False,19166,17,14501 E Crestline Dr,Aurora,CO,80015,https://gis.arapahoegov.com/mapsandphotos/electionprecinctpdfs/Precinct_273.pdf
25,274,1004,Parkside Village Retirement Resort,0.31,Parkside Village Retirement Resort,0.31,0.0,False,19166,17,14501 E Crestline Dr,Aurora,CO,80015,https://gis.arapahoegov.com/mapsandphotos/electionprecinctpdfs/Precinct_274.pdf
25,275,1205,Parkside Village Retirement Resort,0.95,Parkside Village Retirement Resort,0.95,0.0,False,19166,17,14501 E Crestline Dr,Aurora,CO,80015,https://gis.arapahoegov.com/mapsandphotos/electionprecinctpdfs/Precinct_275.pdf
30,276,318,Smoky Hill Library,0.76,Smoky Hill Library,0.76,0.0,False,20838,18,5430 S Biscay Cir,Centennial,CO,80015,https://gis.arapahoegov.com/mapsandphotos/electionprecinctpdfs/Precinct_276.pdf
30,277,911,Trails Recreation Center,0.84,Trails Recreation Center,0.84,0.0,False,20119,21,16799 E. Lake Ave.,Centennial,CO,80016,https://gis.arapahoegov.com/mapsandphotos/electionprecinctpdfs/Precinct_277.pdf
30,278,520,Trails Recreation Center,0.55,Trails Recreation Center,0.55,0.0,False,20119,21,16799 E. Lake Ave.,Centennial,CO,80016,https://gis.arapahoegov.com/mapsandphotos/electionprecinctpdfs/Precinct_278.pdf
30,279,934,Smoky Hill Library,0.57,Smoky Hill Library,0.57,0.0,False,20838,18,5430 S Biscay Cir,Centennial,CO,80015,https://gis.arapahoegov.com/mapsandphotos/electionprecinctpdfs/Precinct_279.pdf
31,280,1219,Smoky Hill Library,0.35,Smoky Hill Library,0.35,0.0,False,20838,18,5430 S Biscay Cir,Centennial,CO,80015,https://gis.arapahoegov.com/mapsandphotos/electionprecinctpdfs/Precinct_280.pdf
31,281,1216,Trails Recreation Center,0.71,Trails Recreation Center,0.71,0.0,False,20119,21,16799 E. Lake Ave.,Centennial,CO,80016,https://gis.arapahoegov.com/mapsandphotos/electionprecinctpdfs/Precinct_281.pdf
31,282,1610,Trails Recreation Center,0.76,Trails Recreation Center,0.76,0.0,False,20119,21,16799 E. Lake Ave.,Centennial,CO,80016,https://gis.arapahoegov.com/mapsandphotos/electionprecinctpdfs/Precinct_282.pdf
31,283,1024,Smoky Hill Library,0.93,Smoky Hill Library,0.93,0.0,False,20838,18,5430 S Biscay Cir,Centennial,CO,80015,https://gis.arapahoegov.com/mapsandphotos/electionprecinctpdfs/Precinct_283.pdf
33,284,923,Trails Recreation Center,0.96,Trails Recreation Center,0.96,0.0,False,20119,21,16799 E. Lake Ave.,Centennial,CO,80016,https://gis.arapahoegov.com/mapsandphotos/electionprecinctpdfs/Precinct_284.pdf
31,285,814,Trails Recreation Center,1.26,Trails Recreation Center,1.26,0.0,False,20119,21,16799 E. Lake Ave.,Centennial,CO,80016,https://gis.arapahoegov.com/mapsandphotos/electionprecinctpdfs/Precinct_285.pdf
12,286,1766,Arapahoe County Lima Plaza,0.84,Arapahoe County Lima Plaza,0.84,0.0,False,20444,17,6954 S Lima St,Centennial,CO,80112,https://gis.arapahoegov.com/mapsandphotos/electionprecinctpdfs/Precinct_286.pdf
33,287,196,Trails Recreation Center,1.35,Trails Recreation Center,1.35,0.0,False,20119,21,16799 E. Lake Ave.,Centennial,CO,80016,https://gis.arapahoegov.com/mapsandphotos/electionprecinctpdfs/Precinct_287.pdf
,288,0,Trails Recreation Center,1.07,Trails Recreation Center,1.07,0.0,False,20119,21,16799 E. Lake Ave.,Centennial,CO,80016,https://gis.arapahoegov.com/mapsandphotos/electionprecinctpdfs/Precinct_288.pdf
,289,0,Trails Recreation Center,1.06,Trails Recreation Center,1.06,0.0,False,20119,21,16799 E. Lake Ave.,Centennial,CO,80016,https://gis.arapahoegov.com/mapsandphotos/electionprecinctpdfs/Precinct_289.pdf
,290,915,Mission Viejo Library,1.44,Mission Viejo Library,1.44,0.0,False,21193,19,15324 E Hampden Cir,Aurora,CO,80013,https://gis.arapahoegov.com/mapsandphotos/electionprecinctpdfs/Precinct_290.pdf
,291,1078,Mission Viejo Library,1.03,Mission Viejo Library,1.03,0.0,False,21193,19,15324 E Hampden Cir,Aurora,CO,80013,https://gis.arapahoegov.com/mapsandphotos/electionprecinctpdfs/Precinct_291.pdf
28,301,1125,Central Recreation Center,1.72,Parkside Village Retirement Resort,3.09,1.37,True,19166,17,14501 E Crestline Dr,Aurora,CO,80015,https://gis.arapahoegov.com/mapsandphotos/electionprecinctpdfs/Precinct_301.pdf
,302,904,Smoky Hill Library,1.18,Smoky Hill Library,1.18,0.0,False,20838,18,5430 S Biscay Cir,Centennial,CO,80015,https://gis.arapahoegov.com/mapsandphotos/electionprecinctpdfs/Precinct_302.pdf
26,303,1103,Smoky Hill Library,1.52,Smoky Hill Library,1.52,0.0,False,20838,18,5430 S Biscay Cir,Centennial,CO,80015,https://gis.arapahoegov.com/mapsandphotos/electionprecinctpdfs/Precinct_303.pdf
28,304,980,Trails Recreation Center,1.22,Trails Recreation Center,1.22,0.0,False,20119,21,16799 E. Lake Ave.,Centennial,CO,80016,https://gis.arapahoegov.com/mapsandphotos/electionprecinctpdfs/Precinct_304.pdf
28,305,814,Smoky Hill Library,0.88,Smoky Hill Library,0.88,0.0,False,20838,18,5430 S Biscay Cir,Centennial,CO,80015,https://gis.arapahoegov.com/mapsandphotos/electionprecinctpdfs/Precinct_305.pdf
26,306,898,Smoky Hill Library,0.73,Smoky Hill Library,0.73,0.0,False,20838,18,5430 S Biscay Cir,Centennial,CO,80015,https://gis.arapahoegov.com/mapsandphotos/electionprecinctpdfs/Precinct_306.pdf
28,307,893,Smoky Hill Library,0.62,Smoky Hill Library,0.62,0.0,False,20838,18,5430 S Biscay Cir,Centennial,CO,80015,https://gis.arapahoegov.com/mapsandphotos/electionprecinctpdfs/Precinct_307.pdf
31,308,1193,Smoky Hill Library,0.15,Smoky Hill Library,0.15,0.0,False,20838,18,5430 S Biscay Cir,Centennial,CO,80015,https://gis.arapahoegov.com/mapsandphotos/electionprecinctpdfs/Precinct_308.pdf
30,309,657,Smoky Hill Library,0.6,Smoky Hill Library,0.6,0.0,False,20838,18,5430 S Biscay Cir,Centennial,CO,80015,https://gis.arapahoegov.com/mapsandphotos/electionprecinctpdfs/Precinct_309.pdf
27,310,1065,Central Recreation Center,0.47,Central Recreation Center,0.47,0.0,False,15868,19,18150 E Vassar Pl,Aurora,CO,80013,https://gis.arapahoegov.com/mapsandphotos/electionprecinctpdfs/Precinct_310.pdf
17,311,1248,Central Recreation Center,1.03,Murphy Creek Golf Course,2.84,1.81,True,14073,9,1700 S. Old Tom Morris Rd.,Aurora,CO,80018,https://gis.arapahoegov.com/mapsandphotos/electionprecinctpdfs/Precinct_311.pdf
27,312,1819,Central Recreation Center,0.57,Murphy Creek Golf Course,3.25,2.68,True,14073,9,1700 S. Old Tom Morris Rd.,Aurora,CO,80018,https://gis.arapahoegov.com/mapsandphotos/electionprecinctpdfs/Precinct_312.pdf
27,313,1151,Central Recreation Center,0.65,Murphy Creek Golf Course,3.69,3.04,True,14073,9,1700 S. Old Tom Morris Rd.,Aurora,CO,80018,https://gis.arapahoegov.com/mapsandphotos/electionprecinctpdfs/Precinct_313.pdf
27,314,864,Central Recreation Center,0.95,Central Recreation Center,0.95,0.0,False,15868,19,18150 E Vassar Pl,Aurora,CO,80013,https://gis.arapahoegov.com/mapsandphotos/electionprecinctpdfs/Precinct_314.pdf
27,315,1611,Central Recreation Center,1.14,Smoky Hill Library,2.91,1.77,True,20838,18,5430 S Biscay Cir,Centennial,CO,80015,https://gis.arapahoegov.com/mapsandphotos/electionprecinctpdfs/Precinct_315.pdf
27,316,831,Central Recreation Center,1.41,Central Recreation Center,1.41,0.0,False,15868,19,18150 E Vassar Pl,Aurora,CO,80013,https://gis.arapahoegov.com/mapsandphotos/electionprecinctpdfs/Precinct_316.pdf
27,317,1044,Central Recreation Center,1.57,Central Recreation Center,1.57,0.0,False,15868,19,18150 E Vassar Pl,Aurora,CO,80013,https://gis.arapahoegov.com/mapsandphotos/electionprecinctpdfs/Precinct_317.pdf
27,318,1056,Central Recreation Center,1.95,Central Recreation Center,1.95,0.0,False,15868,19,18150 E Vassar Pl,Aurora,CO,80013,https://gis.arapahoegov.com/mapsandphotos/electionprecinctpdfs/Precinct_318.pdf
27,319,1869,Smoky Hill Library,1.84,Smoky Hill Library,1.84,0.0,False,20838,18,5430 S Biscay Cir,Centennial,CO,80015,https://gis.arapahoegov.com/mapsandphotos/electionprecinctpdfs/Precinct_319.pdf
31,320,1824,Smoky Hill Library,0.99,Smoky Hill Library,0.99,0.0,False,20838,18,5430 S Biscay Cir,Centennial,CO,80015,https://gis.arapahoegov.com/mapsandphotos/electionprecinctpdfs/Precinct_320.pdf
31,321,1319,Smoky Hill Library,0.46,Smoky Hill Library,0.46,0.0,False,20838,18,5430 S Biscay Cir,Centennial,CO,80015,https://gis.arapahoegov.com/mapsandphotos/electionprecinctpdfs/Precinct_321.pdf
17,322,599,Central Recreation Center,0.82,Central Recreation Center,0.82,0.0,False,15868,19,18150 E Vassar Pl,Aurora,CO,80013,https://gis.arapahoegov.com/mapsandphotos/electionprecinctpdfs/Precinct_322.pdf
34,327,1250,Tallyns Reach Library,1.25,Tallyns Reach Library,1.25,0.0,False,14891,13,23911 E Arapahoe Rd,Aurora,CO,80016,https://gis.arapahoegov.com/mapsandphotos/electionprecinctpdfs/Precinct_327.pdf
34,329,1345,Tallyns Reach Library,1.37,Tallyns Reach Library,1.37,0.0,False,14891,13,23911 E Arapahoe Rd,Aurora,CO,80016,https://gis.arapahoegov.com/mapsandphotos/electionprecinctpdfs/Precinct_329.pdf
34,330,1905,Tallyns Reach Library,1.11,Arapahoe County Fairgrounds,3.14,2.04,True,18968,15,25690 E Quincy Ave,Aurora,CO,80016,https://gis.arapahoegov.com/mapsandphotos/electionprecinctpdfs/Precinct_330.pdf
32,332,1068,Cherry Creek School District Instructional Support Facility,0.81,Cherry Creek School District Instructional Support Facility,0.81,0.0,False,24654,17,5416 S Riviera Way,Centennial,CO,80112,https://gis.arapahoegov.com/mapsandphotos/electionprecinctpdfs/Precinct_332.pdf
32,333,716,Cherry Creek School District Instructional Support Facility,0.73,Cherry Creek School District Instructional Support Facility,0.73,0.0,False,24654,17,5416 S Riviera Way,Centennial,CO,80112,https://gis.arapahoegov.com/mapsandphotos/electionprecinctpdfs/Precinct_333.pdf
32,334,1464,Cherry Creek School District Instructional Support Facility,0.67,Cherry Creek School District Instructional Support Facility,0.67,0.0,False,24654,17,5416 S Riviera Way,Centennial,CO,80112,https://gis.arapahoegov.com/mapsandphotos/electionprecinctpdfs/Precinct_334.pdf
32,335,1772,Cherry Creek School District Instructional Support Facility,1.01,Cherry Creek School District Instructional Support Facility,1.01,0.0,False,24654,17,5416 S Riviera Way,Centennial,CO,80112,https://gis.arapahoegov.com/mapsandphotos/electionprecinctpdfs/Precinct_335.pdf
32,336,1572,Cherry Creek School District Instructional Support Facility,0.84,Cherry Creek School District Instructional Support Facility,0.84,0.0,False,24654,17,5416 S Riviera Way,Centennial,CO,80112,https://gis.arapahoegov.com/mapsandphotos/electionprecinctpdfs/Precinct_336.pdf
32,337,1498,Cherry Creek School District Instructional Support Facility,0.3,Cherry Creek School District Instructional Support Facility,0.3,0.0,False,24654,17,5416 S Riviera Way,Centennial,CO,80112,https://gis.arapahoegov.com/mapsandphotos/electionprecinctpdfs/Precinct_337.pdf
32,338,1027,Cherry Creek School District Instructional Support Facility,0.32,Cherry Creek School District Instructional Support Facility,0.32,0.0,False,24654,17,5416 S Riviera Way,Centennial,CO,80112,https://gis.arapahoegov.com/mapsandphotos/electionprecinctpdfs/Precinct_338.pdf
32,339,1291,Cherry Creek School District Instructional Support Facility,0.59,Cherry Creek School District Instructional Support Facility,0.59,0.0,False,24654,17,5416 S Riviera Way,Centennial,CO,80112,https://gis.arapahoegov.com/mapsandphotos/electionprecinctpdfs/Precinct_339.pdf
28,340,2368,Cherry Creek School District Instructional Support Facility,0.89,Cherry Creek School District Instructional Support Facility,0.89,0.0,False,24654,17,5416 S Riviera Way,Centennial,CO,80112,https://gis.arapahoegov.com/mapsandphotos/electionprecinctpdfs/Precinct_340.pdf
27,341,1825,Cherry Creek School District Instructional Support Facility,1.65,Cherry Creek School District Instructional Support Facility,1.65,0.0,False,24654,17,5416 S Riviera Way,Centennial,CO,80112,https://gis.arapahoegov.com/mapsandphotos/electionprecinctpdfs/Precinct_341.pdf
18,342,1992,Cherry Creek School District Instructional Support Facility,1.82,Cherry Creek School District Instructional Support Facility,1.82,0.0,False,24654,17,5416 S Riviera Way,Centennial,CO,80112,https://gis.arapahoegov.com/mapsandphotos/electionprecinctpdfs/Precinct_342.pdf
27,343,1427,Cherry Creek School District Instructional Support Facility,1.83,Cherry Creek School District Instructional Support Facility,1.83,0.0,False,24654,17,5416 S Riviera Way,Centennial,CO,80112,https://gis.arapahoegov.com/mapsandphotos/electionprecinctpdfs/Precinct_343.pdf
17,344,2234,Murphy Creek Golf Course,1.55,Murphy Creek Golf Course,1.55,0.0,False,14073,9,1700 S. Old Tom Morris Rd.,Aurora,CO,80018,https://gis.arapahoegov.com/mapsandphotos/electionprecinctpdfs/Precinct_344.pdf
35,348,0,Kelver Library,11.8,Kelver Library,11.8,0.0,False,4667,4,585 S Main St,Byers,CO,80103,https://gis.arapahoegov.com/mapsandphotos/electionprecinctpdfs/Precinct_348.pdf
18,349,0,Arapahoe County Fairgrounds,1.35,Arapahoe County Fairgrounds,1.35,0.0,False,18968,15,25690 E Quincy Ave,Aurora,CO,80016,https://gis.arapahoegov.com/mapsandphotos/electionprecinctpdfs/Precinct_349.pdf
29,350,12,Arapahoe County Fairgrounds,0.46,Arapahoe County Fairgrounds,0.46,0.0,False,18968,15,25690 E Quincy Ave,Aurora,CO,80016,https://gis.arapahoegov.com/mapsandphotos/electionprecinctpdfs/Precinct_350.pdf
29,351,2107,Arapahoe County Fairgrounds,1.19,Arapahoe County Fairgrounds,1.19,0.0,False,18968,15,25690 E Quincy Ave,Aurora,CO,80016,https://gis.arapahoegov.com/mapsandphotos/electionprecinctpdfs/Precinct_351.pdf
29,352,2315,Tallyns Reach Library,1.04,Arapahoe County Fairgrounds,2.14,1.1,True,18968,15,25690 E Quincy Ave,Aurora,CO,80016,https://gis.arapahoegov.com/mapsandphotos/electionprecinctpdfs/Precinct_352.pdf
29,353,1175,Tallyns Reach Library,0.47,Tallyns Reach Library,0.47,0.0,False,14891,13,23911 E Arapahoe Rd,Aurora,CO,80016,https://gis.arapahoegov.com/mapsandphotos/electionprecinctpdfs/Precinct_353.pdf
29,354,1781,Tallyns Reach Library,0.75,Arapahoe County Fairgrounds,3.5,2.76,True,18968,15,25690 E Quincy Ave,Aurora,CO,80016,https://gis.arapahoegov.com/mapsandphotos/electionprecinctpdfs/Precinct_354.pdf
35,355,2564,Tallyns Reach Library,1.9,Arapahoe County Fairgrounds,3.23,1.33,True,18968,15,25690 E Quincy Ave,Aurora,CO,80016,https://gis.arapahoegov.com/mapsandphotos/electionprecinctpdfs/Precinct_355.pdf
35,357,741,Arapahoe County Fairgrounds,7.41,Arapahoe County Fairgrounds,7.41,0.0,False,18968,15,25690 E Quincy Ave,Aurora,CO,80016,https://gis.arapahoegov.com/mapsandphotos/electionprecinctpdfs/Precinct_357.pdf
18,358,2,Arapahoe County Fairgrounds,1.91,Arapahoe County Fairgrounds,1.91,0.0,False,18968,15,25690 E Quincy Ave,Aurora,CO,80016,https://gis.arapahoegov.com/mapsandphotos/electionprecinctpdfs/Precinct_358.pdf
18,359,2,Vista PEAK,3.53,Vista PEAK,3.53,0.0,False,9026,6,24500 E. 6th Ave,Aurora,CO,80018,https://gis.arapahoegov.com/mapsandphotos/electionprecinctpdfs/Precinct_359.pdf
18,360,1540,Murphy Creek Golf Course,3.19,Murphy Creek Golf Course,3.19,0.0,False,14073,9,1700 S. Old Tom Morris Rd.,Aurora,CO,80018,https://gis.arapahoegov.com/mapsandphotos/electionprecinctpdfs/Precinct_360.pdf
18,361,1729,Vista PEAK,2.88,Vista PEAK,2.88,0.0,False,9026,6,24500 E. 6th Ave,Aurora,CO,80018,https://gis.arapahoegov.com/mapsandphotos/electionprecinctpdfs/Precinct_361.pdf
35,362,500,Vista PEAK,6.93,Vista PEAK,6.93,0.0,False,9026,6,24500 E. 6th Ave,Aurora,CO,80018,https://gis.arapahoegov.com/mapsandphotos/electionprecinctpdfs/Precinct_362.pdf
35,363,2034,Kelver Library,7.64,Kelver Library,7.64,0.0,False,4667,4,585 S Main St,Byers,CO,80103,https://gis.arapahoegov.com/mapsandphotos/electionprecinctpdfs/Precinct_363.pdf
35,364,1599,Kelver Library,2.89,Kelver Library,2.89,0.0,False,4667,4,585 S Main St,Byers,CO,80103,https://gis.arapahoegov.com/mapsandphotos/electionprecinctpdfs/Precinct_364.pdf
35,365,1034,Kelver Library,16.2,Kelver Library,16.2,0.0,False,4667,4,585 S Main St,Byers,CO,80103,https://gis.arapahoegov.com/mapsandphotos/electionprecinctpdfs/Precinct_365.pdf
35,366,492,Arapahoe County Fairgrounds,12.08,Arapahoe County Fairgrounds,12.08,0.0,False,18968,15,25690 E Quincy Ave,Aurora,CO,80016,https://gis.arapahoegov.com/mapsandphotos/electionprecinctpdfs/Precinct_366.pdf
32,368,667,Tallyns Reach Library,1.24,Tallyns Reach Library,1.24,0.0,False,14891,13,23911 E Arapahoe Rd,Aurora,CO,80016,https://gis.arapahoegov.com/mapsandphotos/electionprecinctpdfs/Precinct_368.pdf
28,369,2254,Cherry Creek School District Instructional Support Facility,1.04,Cherry Creek School District Instructional Support Facility,1.04,0.0,False,24654,17,5416 S Riviera Way,Centennial,CO,80112,https://gis.arapahoegov.com/mapsandphotos/electionprecinctpdfs/Precinct_369.pdf
28,370,1717,Cherry Creek School District Instructional Support Facility,0.74,Cherry Creek School District Instructional Support Facility,0.74,0.0,False,24654,17,5416 S Riviera Way,Centennial,CO,80112,https://gis.arapahoegov.com/mapsandphotos/electionprecinctpdfs/Precinct_370.pdf
17,371,1029,Central Recreation Center,1.28,Central Recreation Center,1.28,0.0,False,15868,19,18150 E Vassar Pl,Aurora,CO,80013,https://gis.arapahoegov.com/mapsandphotos/electionprecinctpdfs/Precinct_371.pdf
35,372,952,Arapahoe County Fairgrounds,1.4,Arapahoe County Fairgrounds,1.4,0.0,False,18968,15,25690 E Quincy Ave,Aurora,CO,80016,https://gis.arapahoegov.com/mapsandphotos/electionprecinctpdfs/Precinct_372.pdf
35,373,1274,Tallyns Reach Library,1.76,Tallyns Reach Library,1.76,0.0,False,14891,13,23911 E Arapahoe Rd,Aurora,CO,80016,https://gis.arapahoegov.com/mapsandphotos/electionprecinctpdfs/Precinct_373.pdf
34,375,1559,Tallyns Reach Library,0.63,Arapahoe County Fairgrounds,3.78,3.16,True,18968,15,25690 E Quincy Ave,Aurora,CO,80016,https://gis.arapahoegov.com/mapsandphotos/electionprecinctpdfs/Precinct_375.pdf
29,377,1193,Tallyns Reach Library,1.76,Tallyns Reach Library,1.76,0.0,False,14891,13,23911 E Arapahoe Rd,Aurora,CO,80016,https://gis.arapahoegov.com/mapsandphotos/electionprecinctpdfs/Precinct_377.pdf
29,378,1957,Tallyns Reach Library,1.2,Arapahoe County Fairgrounds,2.34,1.14,True,18968,15,25690 E Quincy Ave,Aurora,CO,80016,https://gis.arapahoegov.com/mapsandphotos/electionprecinctpdfs/Precinct_378.pdf
34,379,1061,Tallyns Reach Library,1.44,Tallyns Reach Library,1.44,0.0,False,14891,13,23911 E Arapahoe Rd,Aurora,CO,80016,https://gis.arapahoegov.com/mapsandphotos/electionprecinctpdfs/Precinct_379.pdf
34,380,1098,Tallyns Reach Library,0.32,Tallyns Reach Library,0.32,0.0,False,14891,13,23911 E Arapahoe Rd,Aurora,CO,80016,https://gis.arapahoegov.com/mapsandphotos/electionprecinctpdfs/Precinct_380.pdf
32,382,623,Cherry Creek School District Instructional Support Facility,0.32,Cherry Creek School District Instructional Support Facility,0.32,0.0,False,24654,17,5416 S Riviera Way,Centennial,CO,80112,https://gis.arapahoegov.com/mapsandphotos/electionprecinctpdfs/Precinct_382.pdf
29,383,1394,Tallyns Reach Library,1.27,Tallyns Reach Library,1.27,0.0,False,14891,13,23911 E Arapahoe Rd,Aurora,CO,80016,https://gis.arapahoegov.com/mapsandphotos/electionprecinctpdfs/Precinct_383.pdf
35,384,1492,Tallyns Reach Library,2.31,Murphy Creek Golf Course,6.94,4.63,True,14073,9,1700 S. Old Tom Morris Rd.,Aurora,CO,80018,https://gis.arapahoegov.com/mapsandphotos/electionprecinctpdfs/Precinct_384.pdf
29,385,845,Arapahoe County Fairgrounds,1.05,Arapahoe County Fairgrounds,1.05,0.0,False,18968,15,25690 E Quincy Ave,Aurora,CO,80016,https://gis.arapahoegov.com/mapsandphotos/electionprecinctpdfs/Precinct_385.pdf
27,386,994,Central Recreation Center,0.96,Central Recreation Center,0.96,0.0,False,15868,19,18150 E Vassar Pl,Aurora,CO,80013,https://gis.arapahoegov.com/mapsandphotos/electionprecinctpdfs/Precinct_386.pdf
28,387,1319,Cherry Creek School District Instructional Support Facility,1.04,Cherry Creek School District Instructional Support Facility,1.04,0.0,False,24654,17,5416 S Riviera Way,Centennial,CO,80112,https://gis.arapahoegov.com/mapsandphotos/electionprecinctpdfs/Precinct_387.pdf
29,388,1401,Tallyns Reach Library,2.91,Tallyns Reach Library,2.91,0.0,False,14891,13,23911 E Arapahoe Rd,Aurora,CO,80016,https://gis.arapahoegov.com/mapsandphotos/electionprecinctpdfs/Precinct_388.pdf
27,389,105,Central Recreation Center,1.7,Central Recreation Center,1.7,0.0,False,15868,19,18150 E Vassar Pl,Aurora,CO,80013,https://gis.arapahoegov.com/mapsandphotos/electionprecinctpdfs/Precinct_389.pdf
20,401,1089,Cook Park Recreation Center,0.72,Cook Park Recreation Center,0.72,0.0,False,16862,20,7100 Cherry Creek S Dr,Denver,CO,80224,https://gis.arapahoegov.com/mapsandphotos/electionprecinctpdfs/Precinct_401.pdf
19,402,0,Cook Park Recreation Center,0.49,Cook Park Recreation Center,0.49,0.0,False,16862,20,7100 Cherry Creek S Dr,Denver,CO,80224,https://gis.arapahoegov.com/mapsandphotos/electionprecinctpdfs/Precinct_402.pdf
19,403,643,Cook Park Recreation Center,0.95,Cook Park Recreation Center,0.95,0.0,False,16862,20,7100 Cherry Creek S Dr,Denver,CO,80224,https://gis.arapahoegov.com/mapsandphotos/electionprecinctpdfs/Precinct_403.pdf
20,404,560,Cook Park Recreation Center,1.24,Cook Park Recreation Center,1.24,0.0,False,16862,20,7100 Cherry Creek S Dr,Denver,CO,80224,https://gis.arapahoegov.com/mapsandphotos/electionprecinctpdfs/Precinct_404.pdf
20,405,678,Cook Park Recreation Center,1.33,Cook Park Recreation Center,1.33,0.0,False,16862,20,7100 Cherry Creek S Dr,Denver,CO,80224,https://gis.arapahoegov.com/mapsandphotos/electionprecinctpdfs/Precinct_405.pdf
20,406,556,Cook Park Recreation Center,1.25,Cook Park Recreation Center,1.25,0.0,False,16862,20,7100 Cherry Creek S Dr,Denver,CO,80224,https://gis.arapahoegov.com/mapsandphotos/electionprecinctpdfs/Precinct_406.pdf
20,407,1352,Cook Park Recreation Center,1.83,Cook Park Recreation Center,1.83,0.0,False,16862,20,7100 Cherry Creek S Dr,Denver,CO,80224,https://gis.arapahoegov.com/mapsandphotos/electionprecinctpdfs/Precinct_407.pdf
20,408,881,Cook Park Recreation Center,1.65,Cook Park Recreation Center,1.65,0.0,False,16862,20,7100 Cherry Creek S Dr,Denver,CO,80224,https://gis.arapahoegov.com/mapsandphotos/electionprecinctpdfs/Precinct_408.pdf
20,409,1549,Cook Park Recreation Center,1.23,Cook Park Recreation Center,1.23,0.0,False,16862,20,7100 Cherry Creek S Dr,Denver,CO,80224,https://gis.arapahoegov.com/mapsandphotos/electionprecinctpdfs/Precinct_409.pdf
20,410,1247,Cook Park Recreation Center,1.38,Cook Park Recreation Center,1.38,0.0,False,16862,20,7100 Cherry Creek S Dr,Denver,CO,80224,https://gis.arapahoegov.com/mapsandphotos/electionprecinctpdfs/Precinct_410.pdf
21,411,1347,The Avenue Church,1.92,The Avenue Church,1.92,0.0,False,18737,18,13231 E Mississippi Ave,Aurora,CO,80012,https://gis.arapahoegov.com/mapsandphotos/electionprecinctpdfs/Precinct_411.pdf
20,412,1488,Cook Park Recreation Center,1.54,Cook Park Recreation Center,1.54,0.0,False,16862,20,7100 Cherry Creek S Dr,Denver,CO,80224,https://gis.arapahoegov.com/mapsandphotos/electionprecinctpdfs/Precinct_412.pdf
21,413,994,Cook Park Recreation Center,2.04,Cook Park Recreation Center,2.04,0.0,False,16862,20,7100 Cherry Creek S Dr,Denver,CO,80224,https://gis.arapahoegov.com/mapsandphotos/electionprecinctpdfs/Precinct_413.pdf
21,414,936,Cook Park Recreation Center,2.17,Cook Park Recreation Center,2.17,0.0,False,16862,20,7100 Cherry Creek S Dr,Denver,CO,80224,https://gis.arapahoegov.com/mapsandphotos/electionprecinctpdfs/Precinct_414.pdf
19,415,180,Cook Park Recreation Center,0.47,Cook Park Recreation Center,0.47,0.0,False,16862,20,7100 Cherry Creek S Dr,Denver,CO,80224,https://gis.arapahoegov.com/mapsandphotos/electionprecinctpdfs/Precinct_415.pdf
21,416,1562,The Avenue Church,1.17,The Avenue Church,1.17,0.0,False,18737,18,13231 E Mississippi Ave,Aurora,CO,80012,https://gis.arapahoegov.com/mapsandphotos/electionprecinctpdfs/Precinct_416.pdf
21,417,1033,The Avenue Church,1.58,The Avenue Church,1.58,0.0,False,18737,18,13231 E Mississippi Ave,Aurora,CO,80012,https://gis.arapahoegov.com/mapsandphotos/electionprecinctpdfs/Precinct_417.pdf
21,418,941,The Avenue Church,1.21,The Avenue Church,1.21,0.0,False,18737,18,13231 E Mississippi Ave,Aurora,CO,80012,https://gis.arapahoegov.com/mapsandphotos/electionprecinctpdfs/Precinct_418.pdf
21,419,1120,Heather Gardens,1.82,Heather Gardens,1.82,0.0,False,21123,22,2888 S Heather Gardens Way,Aurora,CO,80014,https://gis.arapahoegov.com/mapsandphotos/electionprecinctpdfs/Precinct_419.pdf
21,420,1553,Heather Gardens,1.51,Heather Gardens,1.51,0.0,False,21123,22,2888 S Heather Gardens Way,Aurora,CO,80014,https://gis.arapahoegov.com/mapsandphotos/electionprecinctpdfs/Precinct_420.pdf
21,421,534,Heather Gardens,1.38,Heather Gardens,1.38,0.0,False,21123,22,2888 S Heather Gardens Way,Aurora,CO,80014,https://gis.arapahoegov.com/mapsandphotos/electionprecinctpdfs/Precinct_421.pdf
21,422,693,Heather Gardens,1.11,Heather Gardens,1.11,0.0,False,21123,22,2888 S Heather Gardens Way,Aurora,CO,80014,https://gis.arapahoegov.com/mapsandphotos/electionprecinctpdfs/Precinct_422.pdf
23,423,1402,Heather Gardens,1.37,Heather Gardens,1.37,0.0,False,21123,22,2888 S Heather Gardens Way,Aurora,CO,80014,https://gis.arapahoegov.com/mapsandphotos/electionprecinctpdfs/Precinct_423.pdf
,424,49,Heather Gardens,0.93,Heather Gardens,0.93,0.0,False,21123,22,2888 S Heather Gardens Way,Aurora,CO,80014,https://gis.arapahoegov.com/mapsandphotos/electionprecinctpdfs/Precinct_424.pdf
23,425,1478,Heather Gardens,0.63,Heather Gardens,0.63,0.0,False,21123,22,2888 S Heather Gardens Way,Aurora,CO,80014,https://gis.arapahoegov.com/mapsandphotos/electionprecinctpdfs/Precinct_425.pdf
23,426,766,Heather Gardens,0.27,Heather Gardens,0.27,0.0,False,21123,22,2888 S Heather Gardens Way,Aurora,CO,80014,https://gis.arapahoegov.com/mapsandphotos/electionprecinctpdfs/Precinct_426.pdf
23,427,1457,Heather Gardens,0.79,Heather Gardens,0.79,0.0,False,21123,22,2888 S Heather Gardens Way,Aurora,CO,80014,https://gis.arapahoegov.com/mapsandphotos/electionprecinctpdfs/Precinct_427.pdf
23,428,998,Heather Gardens,0.54,Heather Gardens,0.54,0.0,False,21123,22,2888 S Heather Gardens Way,Aurora,CO,80014,https://gis.arapahoegov.com/mapsandphotos/electionprecinctpdfs/Precinct_428.pdf
23,429,762,Heather Gardens,1.2,Heather Gardens,1.2,0.0,False,21123,22,2888 S Heather Gardens Way,Aurora,CO,80014,https://gis.arapahoegov.com/mapsandphotos/electionprecinctpdfs/Precinct_429.pdf
23,430,1019,Heather Gardens,1.04,Heather Gardens,1.04,0.0,False,21123,22,2888 S Heather Gardens Way,Aurora,CO,80014,https://gis.arapahoegov.com/mapsandphotos/electionprecinctpdfs/Precinct_430.pdf
21,431,647,The Avenue Church,0.92,The Avenue Church,0.92,0.0,False,18737,18,13231 E Mississippi Ave,Aurora,CO,80012,https://gis.arapahoegov.com/mapsandphotos/electionprecinctpdfs/Precinct_431.pdf
21,432,1235,The Avenue Church,0.51,The Avenue Church,0.51,0.0,False,18737,18,13231 E Mississippi Ave,Aurora,CO,80012,https://gis.arapahoegov.com/mapsandphotos/electionprecinctpdfs/Precinct_432.pdf
21,433,927,The Avenue Church,0.58,The Avenue Church,0.58,0.0,False,18737,18,13231 E Mississippi Ave,Aurora,CO,80012,https://gis.arapahoegov.com/mapsandphotos/electionprecinctpdfs/Precinct_433.pdf
22,434,1107,The Avenue Church,0.68,The Avenue Church,0.68,0.0,False,18737,18,13231 E Mississippi Ave,Aurora,CO,80012,https://gis.arapahoegov.com/mapsandphotos/electionprecinctpdfs/Precinct_434.pdf
22,435,1425,The Avenue Church,1.19,The Avenue Church,1.19,0.0,False,18737,18,13231 E Mississippi Ave,Aurora,CO,80012,https://gis.arapahoegov.com/mapsandphotos/electionprecinctpdfs/Precinct_435.pdf
22,436,1396,The Avenue Church,1.02,The Avenue Church,1.02,0.0,False,18737,18,13231 E Mississippi Ave,Aurora,CO,80012,https://gis.arapahoegov.com/mapsandphotos/electionprecinctpdfs/Precinct_436.pdf
22,437,1464,Heather Gardens,1.45,Heather Gardens,1.45,0.0,False,21123,22,2888 S Heather Gardens Way,Aurora,CO,80014,https://gis.arapahoegov.com/mapsandphotos/electionprecinctpdfs/Precinct_437.pdf
23,438,1335,Heather Gardens,0.87,Heather Gardens,0.87,0.0,False,21123,22,2888 S Heather Gardens Way,Aurora,CO,80014,https://gis.arapahoegov.com/mapsandphotos/electionprecinctpdfs/Precinct_438.pdf
22,439,986,Heather Gardens,0.98,Heather Gardens,0.98,0.0,False,21123,22,2888 S Heather Gardens Way,Aurora,CO,80014,https://gis.arapahoegov.com/mapsandphotos/electionprecinctpdfs/Precinct_439.pdf
23,440,817,Heather Gardens,0.42,Heather Gardens,0.42,0.0,False,21123,22,2888 S Heather Gardens Way,Aurora,CO,80014,https://gis.arapahoegov.com/mapsandphotos/electionprecinctpdfs/Precinct_440.pdf
23,441,788,Heather Gardens,0.23,Heather Gardens,0.23,0.0,False,21123,22,2888 S Heather Gardens Way,Aurora,CO,80014,https://gis.arapahoegov.com/mapsandphotos/electionprecinctpdfs/Precinct_441.pdf
23,442,762,Heather Gardens,0.22,Heather Gardens,0.22,0.0,False,21123,22,2888 S Heather Gardens Way,Aurora,CO,80014,https://gis.arapahoegov.com/mapsandphotos/electionprecinctpdfs/Precinct_442.pdf
23,443,521,Heather Gardens,0.25,Heather Gardens,0.25,0.0,False,21123,22,2888 S Heather Gardens Way,Aurora,CO,80014,https://gis.arapahoegov.com/mapsandphotos/electionprecinctpdfs/Precinct_443.pdf
24,444,681,Heather Gardens,0.66,Heather Gardens,0.66,0.0,False,21123,22,2888 S Heather Gardens Way,Aurora,CO,80014,https://gis.arapahoegov.com/mapsandphotos/electionprecinctpdfs/Precinct_444.pdf
24,445,682,Mission Viejo Library,0.47,Mission Viejo Library,0.47,0.0,False,21193,19,15324 E Hampden Cir,Aurora,CO,80013,https://gis.arapahoegov.com/mapsandphotos/electionprecinctpdfs/Precinct_445.pdf
25,446,829,Mission Viejo Library,0.72,Mission Viejo Library,0.72,0.0,False,21193,19,15324 E Hampden Cir,Aurora,CO,80013,https://gis.arapahoegov.com/mapsandphotos/electionprecinctpdfs/Precinct_446.pdf
25,447,1605,Mission Viejo Library,0.43,Mission Viejo Library,0.43,0.0,False,21193,19,15324 E Hampden Cir,Aurora,CO,80013,https://gis.arapahoegov.com/mapsandphotos/electionprecinctpdfs/Precinct_447.pdf
25,448,1567,Mission Viejo Library,1.06,Mission Viejo Library,1.06,0.0,False,21193,19,15324 E Hampden Cir,Aurora,CO,80013,https://gis.arapahoegov.com/mapsandphotos/electionprecinctpdfs/Precinct_448.pdf
28,449,1141,Mission Viejo Library,1.26,Mission Viejo Library,1.26,0.0,False,21193,19,15324 E Hampden Cir,Aurora,CO,80013,https://gis.arapahoegov.com/mapsandphotos/electionprecinctpdfs/Precinct_449.pdf
28,450,1123,Mission Viejo Library,1.73,Mission Viejo Library,1.73,0.0,False,21193,19,15324 E Hampden Cir,Aurora,CO,80013,https://gis.arapahoegov.com/mapsandphotos/electionprecinctpdfs/Precinct_450.pdf
24,451,673,Central Recreation Center,1.07,Central Recreation Center,1.07,0.0,False,15868,19,18150 E Vassar Pl,Aurora,CO,80013,https://gis.arapahoegov.com/mapsandphotos/electionprecinctpdfs/Precinct_451.pdf
25,452,1870,Central Recreation Center,0.35,Mission Viejo Library,2.01,1.65,True,21193,19,15324 E Hampden Cir,Aurora,CO,80013,https://gis.arapahoegov.com/mapsandphotos/electionprecinctpdfs/Precinct_452.pdf
26,453,933,Central Recreation Center,0.76,Central Recreation Center,0.76,0.0,False,15868,19,18150 E Vassar Pl,Aurora,CO,80013,https://gis.arapahoegov.com/mapsandphotos/electionprecinctpdfs/Precinct_453.pdf
26,454,910,Central Recreation Center,0.51,Central Recreation Center,0.51,0.0,False,15868,19,18150 E Vassar Pl,Aurora,CO,80013,https://gis.arapahoegov.com/mapsandphotos/electionprecinctpdfs/Precinct_454.pdf
26,455,1291,Central Recreation Center,0.62,Parkside Village Retirement Resort,3.53,2.92,True,19166,17,14501 E Crestline Dr,Aurora,CO,80015,https://gis.arapahoegov.com/mapsandphotos/electionprecinctpdfs/Precinct_455.pdf
26,456,857,Central Recreation Center,1.09,Central Recreation Center,1.09,0.0,False,15868,19,18150 E Vassar Pl,Aurora,CO,80013,https://gis.arapahoegov.com/mapsandphotos/electionprecinctpdfs/Precinct_456.pdf
26,457,635,Central Recreation Center,0.98,Central Recreation Center,0.98,0.0,False,15868,19,18150 E Vassar Pl,Aurora,CO,80013,https://gis.arapahoegov.com/mapsandphotos/electionprecinctpdfs/Precinct_457.pdf
26,458,1201,Mission Viejo Library,1.14,Mission Viejo Library,1.14,0.0,False,21193,19,15324 E Hampden Cir,Aurora,CO,80013,https://gis.arapahoegov.com/mapsandphotos/electionprecinctpdfs/Precinct_458.pdf
26,459,1327,Central Recreation Center,1.4,Smoky Hill Library,2.18,0.78,True,20838,18,5430 S Biscay Cir,Centennial,CO,80015,https://gis.arapahoegov.com/mapsandphotos/electionprecinctpdfs/Precinct_459.pdf
19,460,1177,City of Glendale Municipal Building,0.47,City of Glendale Municipal Building,0.47,0.0,False,2150,2,950 S. Birch Street,Glendale,CO,80246,https://gis.arapahoegov.com/mapsandphotos/electionprecinctpdfs/Precinct_460.pdf
26,461,1306,Mission Viejo Library,0.83,Mission Viejo Library,0.83,0.0,False,21193,19,15324 E Hampden Cir,Aurora,CO,80013,https://gis.arapahoegov.com/mapsandphotos/electionprecinctpdfs/Precinct_461.pdf
26,462,1235,Mission Viejo Library,0.32,Mission Viejo Library,0.32,0.0,False,21193,19,15324 E Hampden Cir,Aurora,CO,80013,https://gis.arapahoegov.com/mapsandphotos/electionprecinctpdfs/Precinct_462.pdf
26,463,1439,Mission Viejo Library,0.72,Mission Viejo Library,0.72,0.0,False,21193,19,15324 E Hampden Cir,Aurora,CO,80013,https://gis.arapahoegov.com/mapsandphotos/electionprecinctpdfs/Precinct_463.pdf
26,464,911,Mission Viejo Library,0.58,Mission Viejo Library,0.58,0.0,False,21193,19,15324 E Hampden Cir,Aurora,CO,80013,https://gis.arapahoegov.com/mapsandphotos/electionprecinctpdfs/Precinct_464.pdf
24,465,690,Mission Viejo Library,0.79,Mission Viejo Library,0.79,0.0,False,21193,19,15324 E Hampden Cir,Aurora,CO,80013,https://gis.arapahoegov.com/mapsandphotos/electionprecinctpdfs/Precinct_465.pdf
24,466,973,Mission Viejo Library,0.41,Mission Viejo Library,0.41,0.0,False,21193,19,15324 E Hampden Cir,Aurora,CO,80013,https://gis.arapahoegov.com/mapsandphotos/electionprecinctpdfs/Precinct_466.pdf
24,467,970,Mission Viejo Library,0.84,Mission Viejo Library,0.84,0.0,False,21193,19,15324 E Hampden Cir,Aurora,CO,80013,https://gis.arapahoegov.com/mapsandphotos/electionprecinctpdfs/Precinct_467.pdf
24,468,930,Mission Viejo Library,1.11,Mission Viejo Library,1.11,0.0,False,21193,19,15324 E Hampden Cir,Aurora,CO,80013,https://gis.arapahoegov.com/mapsandphotos/electionprecinctpdfs/Precinct_468.pdf
24,469,728,Mission Viejo Library,1.42,Mission Viejo Library,1.42,0.0,False,21193,19,15324 E Hampden Cir,Aurora,CO,80013,https://gis.arapahoegov.com/mapsandphotos/electionprecinctpdfs/Precinct_469.pdf
24,470,1190,Heather Gardens,1.67,Heather Gardens,1.67,0.0,False,21123,22,2888 S Heather Gardens Way,Aurora,CO,80014,https://gis.arapahoegov.com/mapsandphotos/electionprecinctpdfs/Precinct_470.pdf
24,471,1154,Central Recreation Center,1.34,Arapahoe County CentrePoint Plaza,2.34,1.0,True,9582,10,14980 E Alameda Dr,Aurora,CO,80012,https://gis.arapahoegov.com/mapsandphotos/electionprecinctpdfs/Precinct_471.pdf
24,472,1085,Central Recreation Center,0.86,Arapahoe County CentrePoint Plaza,2.63,1.77,True,9582,10,14980 E Alameda Dr,Aurora,CO,80012,https://gis.arapahoegov.com/mapsandphotos/electionprecinctpdfs/Precinct_472.pdf
24,473,1098,Central Recreation Center,0.71,Arapahoe County CentrePoint Plaza,2.87,2.16,True,9582,10,14980 E Alameda Dr,Aurora,CO,80012,https://gis.arapahoegov.com/mapsandphotos/electionprecinctpdfs/Precinct_473.pdf
19,474,973,City of Glendale Municipal Building,0.09,City of Glendale Municipal Building,0.09,0.0,False,2150,2,950 S. Birch Street,Glendale,CO,80246,https://gis.arapahoegov.com/mapsandphotos/electionprecinctpdfs/Precinct_474.pdf
18,501,787,Murphy Creek Golf Course,0.92,Murphy Creek Golf Course,0.92,0.0,False,14073,9,1700 S. Old Tom Morris Rd.,Aurora,CO,80018,https://gis.arapahoegov.com/mapsandphotos/electionprecinctpdfs/Precinct_501.pdf
18,502,2985,Vista PEAK,1.07,Vista PEAK,1.07,0.0,False,9026,6,24500 E. 6th Ave,Aurora,CO,80018,https://gis.arapahoegov.com/mapsandphotos/electionprecinctpdfs/Precinct_502.pdf
13,503,1995,"Martin Luther King, Jr. Library",0.26,"Martin Luther King, Jr. Library",0.26,0.0,False,1995,1,9898 E. Colfax Ave,Aurora,CO,80010,https://gis.arapahoegov.com/mapsandphotos/electionprecinctpdfs/Precinct_503.pdf
13,504,1028,Community College of Aurora Lowry Campus,0.36,Community College of Aurora Lowry Campus,0.36,0.0,False,2083,2,710 Alton Way,Denver,CO,80230,https://gis.arapahoegov.com/mapsandphotos/electionprecinctpdfs/Precinct_504.pdf
14,505,1055,Community College of Aurora Lowry Campus,0.75,Community College of Aurora Lowry Campus,0.75,0.0,False,2083,2,710 Alton Way,Denver,CO,80230,https://gis.arapahoegov.com/mapsandphotos/electionprecinctpdfs/Precinct_505.pdf
13,506,1730,Aurora Public Schools Educational Service Center 4,0.5,Aurora Public Schools Educational Service Center 4,0.5,0.0,False,6195,6,1085 Peoria St,Aurora,CO,80011,https://gis.arapahoegov.com/mapsandphotos/electionprecinctpdfs/Precinct_506.pdf
13,507,1009,Aurora Center for Active Adults,0.73,Aurora Center for Active Adults,0.73,0.0,False,8836,10,30 Del Mar Cir,Aurora,CO,80011,https://gis.arapahoegov.com/mapsandphotos/electionprecinctpdfs/Precinct_507.pdf
13,508,776,Aurora Center for Active Adults,0.33,Aurora Center for Active Adults,0.33,0.0,False,8836,10,30 Del Mar Cir,Aurora,CO,80011,https://gis.arapahoegov.com/mapsandphotos/electionprecinctpdfs/Precinct_508.pdf
14,509,662,Aurora Center for Active Adults,0.66,Aurora Center for Active Adults,0.66,0.0,False,8836,10,30 Del Mar Cir,Aurora,CO,80011,https://gis.arapahoegov.com/mapsandphotos/electionprecinctpdfs/Precinct_509.pdf
14,510,686,Aurora Center for Active Adults,0.26,Aurora Center for Active Adults,0.26,0.0,False,8836,10,30 Del Mar Cir,Aurora,CO,80011,https://gis.arapahoegov.com/mapsandphotos/electionprecinctpdfs/Precinct_510.pdf
14,511,989,Aurora Center for Active Adults,1.0,Aurora Center for Active Adults,1.0,0.0,False,8836,10,30 Del Mar Cir,Aurora,CO,80011,https://gis.arapahoegov.com/mapsandphotos/electionprecinctpdfs/Precinct_511.pdf
14,512,956,Aurora Center for Active Adults,0.55,Aurora Center for Active Adults,0.55,0.0,False,8836,10,30 Del Mar Cir,Aurora,CO,80011,https://gis.arapahoegov.com/mapsandphotos/electionprecinctpdfs/Precinct_512.pdf
14,513,931,Aurora Center for Active Adults,0.89,Aurora Center for Active Adults,0.89,0.0,False,8836,10,30 Del Mar Cir,Aurora,CO,80011,https://gis.arapahoegov.com/mapsandphotos/electionprecinctpdfs/Precinct_513.pdf
14,514,628,Aurora Center for Active Adults,1.35,Aurora Center for Active Adults,1.35,0.0,False,8836,10,30 Del Mar Cir,Aurora,CO,80011,https://gis.arapahoegov.com/mapsandphotos/electionprecinctpdfs/Precinct_514.pdf
14,515,1100,The Avenue Church,1.07,The Avenue Church,1.07,0.0,False,18737,18,13231 E Mississippi Ave,Aurora,CO,80012,https://gis.arapahoegov.com/mapsandphotos/electionprecinctpdfs/Precinct_515.pdf
14,516,798,The Avenue Church,1.41,The Avenue Church,1.41,0.0,False,18737,18,13231 E Mississippi Ave,Aurora,CO,80012,https://gis.arapahoegov.com/mapsandphotos/electionprecinctpdfs/Precinct_516.pdf
14,517,829,The Avenue Church,1.25,The Avenue Church,1.25,0.0,False,18737,18,13231 E Mississippi Ave,Aurora,CO,80012,https://gis.arapahoegov.com/mapsandphotos/electionprecinctpdfs/Precinct_517.pdf
14,518,680,The Avenue Church,0.77,The Avenue Church,0.77,0.0,False,18737,18,13231 E Mississippi Ave,Aurora,CO,80012,https://gis.arapahoegov.com/mapsandphotos/electionprecinctpdfs/Precinct_518.pdf
15,519,744,The Avenue Church,0.48,The Avenue Church,0.48,0.0,False,18737,18,13231 E Mississippi Ave,Aurora,CO,80012,https://gis.arapahoegov.com/mapsandphotos/electionprecinctpdfs/Precinct_519.pdf
15,520,993,The Avenue Church,0.44,The Avenue Church,0.44,0.0,False,18737,18,13231 E Mississippi Ave,Aurora,CO,80012,https://gis.arapahoegov.com/mapsandphotos/electionprecinctpdfs/Precinct_520.pdf
15,521,897,The Avenue Church,0.47,The Avenue Church,0.47,0.0,False,18737,18,13231 E Mississippi Ave,Aurora,CO,80012,https://gis.arapahoegov.com/mapsandphotos/electionprecinctpdfs/Precinct_521.pdf
15,522,1076,The Avenue Church,0.77,The Avenue Church,0.77,0.0,False,18737,18,13231 E Mississippi Ave,Aurora,CO,80012,https://gis.arapahoegov.com/mapsandphotos/electionprecinctpdfs/Precinct_522.pdf
15,523,1308,Aurora Center for Active Adults,0.86,Aurora Center for Active Adults,0.86,0.0,False,8836,10,30 Del Mar Cir,Aurora,CO,80011,https://gis.arapahoegov.com/mapsandphotos/electionprecinctpdfs/Precinct_523.pdf
15,524,891,Aurora Center for Active Adults,0.72,Aurora Center for Active Adults,0.72,0.0,False,8836,10,30 Del Mar Cir,Aurora,CO,80011,https://gis.arapahoegov.com/mapsandphotos/electionprecinctpdfs/Precinct_524.pdf
13,525,925,Aurora Public Schools Educational Service Center 4,0.34,Aurora Public Schools Educational Service Center 4,0.34,0.0,False,6195,6,1085 Peoria St,Aurora,CO,80011,https://gis.arapahoegov.com/mapsandphotos/electionprecinctpdfs/Precinct_525.pdf
13,526,880,Aurora Public Schools Educational Service Center 4,0.6,Aurora Public Schools Educational Service Center 4,0.6,0.0,False,6195,6,1085 Peoria St,Aurora,CO,80011,https://gis.arapahoegov.com/mapsandphotos/electionprecinctpdfs/Precinct_526.pdf
13,527,1180,Aurora Public Schools Educational Service Center 4,1.0,Aurora Public Schools Educational Service Center 4,1.0,0.0,False,6195,6,1085 Peoria St,Aurora,CO,80011,https://gis.arapahoegov.com/mapsandphotos/electionprecinctpdfs/Precinct_527.pdf
13,528,627,Aurora Public Schools Educational Service Center 4,0.43,Aurora Public Schools Educational Service Center 4,0.43,0.0,False,6195,6,1085 Peoria St,Aurora,CO,80011,https://gis.arapahoegov.com/mapsandphotos/electionprecinctpdfs/Precinct_528.pdf
13,529,853,Aurora Public Schools Educational Service Center 4,0.85,Aurora Public Schools Educational Service Center 4,0.85,0.0,False,6195,6,1085 Peoria St,Aurora,CO,80011,https://gis.arapahoegov.com/mapsandphotos/electionprecinctpdfs/Precinct_529.pdf
,530,1151,Aurora Public Schools Professional Learning & Conference Center,1.18,Aurora Public Schools Professional Learning & Conference Center,1.18,0.0,False,3651,4,15771 E 1st Ave,Aurora,CO,80011,https://gis.arapahoegov.com/mapsandphotos/electionprecinctpdfs/Precinct_530.pdf
,531,973,Aurora Public Schools Professional Learning & Conference Center,1.03,Aurora Public Schools Professional Learning & Conference Center,1.03,0.0,False,3651,4,15771 E 1st Ave,Aurora,CO,80011,https://gis.arapahoegov.com/mapsandphotos/electionprecinctpdfs/Precinct_531.pdf
15,532,955,City of Aurora Municipal Center,0.77,City of Aurora Municipal Center,0.77,0.0,False,6133,6,15151 E Alameda Pkwy,Aurora,CO,80012,https://gis.arapahoegov.com/mapsandphotos/electionprecinctpdfs/Precinct_532.pdf
15,533,1516,City of Aurora Municipal Center,0.48,City of Aurora Municipal Center,0.48,0.0,False,6133,6,15151 E Alameda Pkwy,Aurora,CO,80012,https://gis.arapahoegov.com/mapsandphotos/electionprecinctpdfs/Precinct_533.pdf
15,534,822,Arapahoe County CentrePoint Plaza,0.61,Arapahoe County CentrePoint Plaza,0.61,0.0,False,9582,10,14980 E Alameda Dr,Aurora,CO,80012,https://gis.arapahoegov.com/mapsandphotos/electionprecinctpdfs/Precinct_534.pdf
15,535,901,Arapahoe County CentrePoint Plaza,0.32,Arapahoe County CentrePoint Plaza,0.32,0.0,False,9582,10,14980 E Alameda Dr,Aurora,CO,80012,https://gis.arapahoegov.com/mapsandphotos/electionprecinctpdfs/Precinct_535.pdf
15,536,638,Arapahoe County CentrePoint Plaza,0.71,Arapahoe County CentrePoint Plaza,0.71,0.0,False,9582,10,14980 E Alameda Dr,Aurora,CO,80012,https://gis.arapahoegov.com/mapsandphotos/electionprecinctpdfs/Precinct_536.pdf
22,537,1135,Arapahoe County CentrePoint Plaza,1.3,Arapahoe County CentrePoint Plaza,1.3,0.0,False,9582,10,14980 E Alameda Dr,Aurora,CO,80012,https://gis.arapahoegov.com/mapsandphotos/electionprecinctpdfs/Precinct_537.pdf
22,538,1203,Arapahoe County CentrePoint Plaza,1.45,Arapahoe County CentrePoint Plaza,1.45,0.0,False,9582,10,14980 E Alameda Dr,Aurora,CO,80012,https://gis.arapahoegov.com/mapsandphotos/electionprecinctpdfs/Precinct_538.pdf
22,539,1071,Arapahoe County CentrePoint Plaza,1.58,Arapahoe County CentrePoint Plaza,1.58,0.0,False,9582,10,14980 E Alameda Dr,Aurora,CO,80012,https://gis.arapahoegov.com/mapsandphotos/electionprecinctpdfs/Precinct_539.pdf
16,540,754,City of Aurora Municipal Center,1.18,City of Aurora Municipal Center,1.18,0.0,False,6133,6,15151 E Alameda Pkwy,Aurora,CO,80012,https://gis.arapahoegov.com/mapsandphotos/electionprecinctpdfs/Precinct_540.pdf
16,541,759,City of Aurora Municipal Center,0.73,City of Aurora Municipal Center,0.73,0.0,False,6133,6,15151 E Alameda Pkwy,Aurora,CO,80012,https://gis.arapahoegov.com/mapsandphotos/electionprecinctpdfs/Precinct_541.pdf
16,542,475,Arapahoe County CentrePoint Plaza,0.56,Arapahoe County CentrePoint Plaza,0.56,0.0,False,9582,10,14980 E Alameda Dr,Aurora,CO,80012,https://gis.arapahoegov.com/mapsandphotos/electionprecinctpdfs/Precinct_542.pdf
16,543,1008,City of Aurora Municipal Center,0.97,City of Aurora Municipal Center,0.97,0.0,False,6133,6,15151 E Alameda Pkwy,Aurora,CO,80012,https://gis.arapahoegov.com/mapsandphotos/electionprecinctpdfs/Precinct_543.pdf
16,544,1403,Community College of Aurora CentreTech Campus,0.6,Community College of Aurora CentreTech Campus,0.6,0.0,False,4215,4,16000 E CentreTech Pkwy,Aurora,CO,80011,https://gis.arapahoegov.com/mapsandphotos/electionprecinctpdfs/Precinct_544.pdf
16,545,322,Community College of Aurora CentreTech Campus,0.11,Community College of Aurora CentreTech Campus,0.11,0.0,False,4215,4,16000 E CentreTech Pkwy,Aurora,CO,80011,https://gis.arapahoegov.com/mapsandphotos/electionprecinctpdfs/Precinct_545.pdf
16,546,1065,Aurora Public Schools Professional Learning & Conference Center,0.74,Aurora Public Schools Professional Learning & Conference Center,0.74,0.0,False,3651,4,15771 E 1st Ave,Aurora,CO,80011,https://gis.arapahoegov.com/mapsandphotos/electionprecinctpdfs/Precinct_546.pdf
17,547,1164,Pickens Technical College,0.51,Pickens Technical College,0.51,0.0,False,3251,3,500 Airport Blvd Bldg E,Aurora,CO,80011,https://gis.arapahoegov.com/mapsandphotos/electionprecinctpdfs/Precinct_547.pdf
16,548,462,Aurora Public Schools Professional Learning & Conference Center,1.24,Aurora Public Schools Professional Learning & Conference Center,1.24,0.0,False,3651,4,15771 E 1st Ave,Aurora,CO,80011,https://gis.arapahoegov.com/mapsandphotos/electionprecinctpdfs/Precinct_548.pdf
17,549,538,Pickens Technical College,0.95,Pickens Technical College,0.95,0.0,False,3251,3,500 Airport Blvd Bldg E,Aurora,CO,80011,https://gis.arapahoegov.com/mapsandphotos/electionprecinctpdfs/Precinct_549.pdf
17,550,83,Beck Recreation Center,0.84,Beck Recreation Center,0.84,0.0,False,1001,2,800 Telluride St,Aurora,CO,80011,https://gis.arapahoegov.com/mapsandphotos/electionprecinctpdfs/Precinct_550.pdf
17,551,918,Beck Recreation Center,1.94,Beck Recreation Center,1.94,0.0,False,1001,2,800 Telluride St,Aurora,CO,80011,https://gis.arapahoegov.com/mapsandphotos/electionprecinctpdfs/Precinct_551.pdf
17,552,1079,Community College of Aurora CentreTech Campus,1.39,Community College of Aurora CentreTech Campus,1.39,0.0,False,4215,4,16000 E CentreTech Pkwy,Aurora,CO,80011,https://gis.arapahoegov.com/mapsandphotos/electionprecinctpdfs/Precinct_552.pdf
17,553,1411,Community College of Aurora CentreTech Campus,1.75,Community College of Aurora CentreTech Campus,1.75,0.0,False,4215,4,16000 E CentreTech Pkwy,Aurora,CO,80011,https://gis.arapahoegov.com/mapsandphotos/electionprecinctpdfs/Precinct_553.pdf
22,554,1141,Central Recreation Center,1.81,City of Aurora Municipal Center,1.88,0.07,True,6133,6,15151 E Alameda Pkwy,Aurora,CO,80012,https://gis.arapahoegov.com/mapsandphotos/electionprecinctpdfs/Precinct_554.pdf
22,555,1020,Central Recreation Center,1.6,Central Recreation Center,1.6,0.0,False,15868,19,18150 E Vassar Pl,Aurora,CO,80013,https://gis.arapahoegov.com/mapsandphotos/electionprecinctpdfs/Precinct_555.pdf
17,556,1549,Central Recreation Center,1.35,Pickens Technical College,2.74,1.39,True,3251,3,500 Airport Blvd Bldg E,Aurora,CO,80011,https://gis.arapahoegov.com/mapsandphotos/electionprecinctpdfs/Precinct_556.pdf
17,557,1804,Central Recreation Center,1.67,Murphy Creek Golf Course,2.81,1.15,True,14073,9,1700 S. Old Tom Morris Rd.,Aurora,CO,80018,https://gis.arapahoegov.com/mapsandphotos/electionprecinctpdfs/Precinct_557.pdf
22,558,1073,Central Recreation Center,1.51,Central Recreation Center,1.51,0.0,False,15868,19,18150 E Vassar Pl,Aurora,CO,80013,https://gis.arapahoegov.com/mapsandphotos/electionprecinctpdfs/Precinct_558.pdf
22,559,880,Central Recreation Center,1.21,Central Recreation Center,1.21,0.0,False,15868,19,18150 E Vassar Pl,Aurora,CO,80013,https://gis.arapahoegov.com/mapsandphotos/electionprecinctpdfs/Precinct_559.pdf
22,560,508,Central Recreation Center,1.21,Central Recreation Center,1.21,0.0,False,15868,19,18150 E Vassar Pl,Aurora,CO,80013,https://gis.arapahoegov.com/mapsandphotos/electionprecinctpdfs/Precinct_560.pdf
18,561,1886,Vista PEAK,0.56,Vista PEAK,0.56,0.0,False,9026,6,24500 E. 6th Ave,Aurora,CO,80018,https://gis.arapahoegov.com/mapsandphotos/electionprecinctpdfs/Precinct_561.pdf
,562,1998,Murphy Creek Golf Course,0.48,Murphy Creek Golf Course,0.48,0.0,False,14073,9,1700 S. Old Tom Morris Rd.,Aurora,CO,80018,https://gis.arapahoegov.com/mapsandphotos/electionprecinctpdfs/Precinct_562.pdf
18,563,1924,Vista PEAK,0.62,Vista PEAK,0.62,0.0,False,9026,6,24500 E. 6th Ave,Aurora,CO,80018,https://gis.arapahoegov.com/mapsandphotos/electionprecinctpdfs/Precinct_563.pdf
22,564,792,Central Recreation Center,1.72,Central Recreation Center,1.72,0.0,False,15868,19,18150 E Vassar Pl,Aurora,CO,80013,https://gis.arapahoegov.com/mapsandphotos/electionprecinctpdfs/Precinct_564.pdf
